Issue Type,Issue key,Status,Labels,Status Last Changed,Desired Ship Date,Priority
MakeIDB,MFG-157333,Ready for Print File Setup,reorder,27/Jan/22 12:34 PM,07/Feb/22 12:00 AM,Medium
MakeBrackets,MFG-157332,Open,reorder,27/Jan/22 12:34 PM,07/Feb/22 12:00 AM,Medium
MakeIDB,MFG-157306,Ready for Print File Setup,reorder,27/Jan/22 12:11 PM,07/Feb/22 12:00 AM,Medium
MakeBrackets,MFG-157305,Open,reorder,27/Jan/22 12:11 PM,07/Feb/22 12:00 AM,Medium
MakeIDB,MFG-157301,Ready for Print File Setup,reorder,27/Jan/22 12:11 PM,07/Feb/22 12:00 AM,Medium
MakeBrackets,MFG-157300,Open,reorder,27/Jan/22 12:11 PM,07/Feb/22 12:00 AM,Medium
MakeIDB,MFG-157268,Ready for Print File Setup,reorder,27/Jan/22 11:56 AM,07/Feb/22 12:00 AM,Medium
MakeBrackets,MFG-157267,Open,reorder,27/Jan/22 11:56 AM,07/Feb/22 12:00 AM,Medium
MakeIDB,MFG-157263,Ready for Print File Setup,reorder,27/Jan/22 11:54 AM,07/Feb/22 12:00 AM,Medium
MakeBrackets,MFG-157262,Open,reorder,27/Jan/22 11:54 AM,07/Feb/22 12:00 AM,Medium
MakeIDB,MFG-157258,Ready for Print File Setup,reorder,27/Jan/22 11:50 AM,07/Feb/22 12:00 AM,Medium
MakeBrackets,MFG-157257,Open,reorder,27/Jan/22 11:50 AM,07/Feb/22 12:00 AM,Medium
MakeIDB,MFG-157245,Ready for Print File Setup,reorder,27/Jan/22 11:46 AM,07/Feb/22 12:00 AM,Highest
MakeBrackets,MFG-157244,Open,reorder,27/Jan/22 11:46 AM,07/Feb/22 12:00 AM,Highest
MakeIDB,MFG-157226,Ready for Print File Setup,reorder,27/Jan/22 11:42 AM,07/Feb/22 12:00 AM,Medium
MakeBrackets,MFG-157225,Open,reorder,27/Jan/22 11:42 AM,07/Feb/22 12:00 AM,Medium
MakeIDB,MFG-157214,Backlog,mixed_dentition,27/Jan/22 11:38 AM,03/Mar/22 12:00 AM,Medium
MakeBrackets,MFG-157213,Backlog,mixed_dentition,27/Jan/22 11:38 AM,03/Mar/22 12:00 AM,Medium
MakeIDB,MFG-157207,Ready for Print File Setup,reorder,27/Jan/22 11:39 AM,07/Feb/22 12:00 AM,Medium
MakeBrackets,MFG-157206,Open,reorder,27/Jan/22 11:39 AM,07/Feb/22 12:00 AM,Medium
MakeIDB,MFG-157202,Ready for Print File Setup,reorder,27/Jan/22 11:39 AM,07/Feb/22 12:00 AM,Medium
MakeBrackets,MFG-157201,Open,reorder,27/Jan/22 11:39 AM,07/Feb/22 12:00 AM,Medium
MakeIDB,MFG-157190,Ready for Print File Setup,reorder,27/Jan/22 11:25 AM,07/Feb/22 12:00 AM,Medium
MakeBrackets,MFG-157189,Open,reorder,27/Jan/22 11:25 AM,07/Feb/22 12:00 AM,Medium
MakeIDB,MFG-157185,Ready for Print File Setup,reorder,27/Jan/22 11:13 AM,07/Feb/22 12:00 AM,Medium
MakeBrackets,MFG-157184,Open,reorder,27/Jan/22 11:13 AM,07/Feb/22 12:00 AM,Medium
MakeIDB,MFG-157180,Ready for Print File Setup,reorder,27/Jan/22 11:14 AM,07/Feb/22 12:00 AM,Medium
MakeBrackets,MFG-157179,Open,reorder,27/Jan/22 11:14 AM,07/Feb/22 12:00 AM,Medium
MakeIDB,MFG-157175,Ready for Print File Setup,reorder,27/Jan/22 11:10 AM,07/Feb/22 12:00 AM,Medium
MakeBrackets,MFG-157174,Open,reorder,27/Jan/22 11:10 AM,07/Feb/22 12:00 AM,Medium
MakeIDB,MFG-157170,Ready for Print File Setup,reorder,27/Jan/22 11:08 AM,07/Feb/22 12:00 AM,Medium
MakeBrackets,MFG-157169,Open,reorder,27/Jan/22 11:08 AM,07/Feb/22 12:00 AM,Medium
MakeIDB,MFG-157144,Ready for Print File Setup,reorder,27/Jan/22 10:53 AM,07/Feb/22 12:00 AM,Medium
MakeBrackets,MFG-157143,Open,reorder,27/Jan/22 10:53 AM,07/Feb/22 12:00 AM,Medium
MakeIDB,MFG-157118,Ready for Print File Setup,reorder,27/Jan/22 10:40 AM,07/Feb/22 12:00 AM,Medium
MakeBrackets,MFG-157117,Open,reorder,27/Jan/22 10:40 AM,07/Feb/22 12:00 AM,Medium
MakeTubes,MFG-157087,Open,reorder,27/Jan/22 10:05 AM,07/Feb/22 12:00 AM,Medium
MakeIDB,MFG-157085,Ready for Print File Setup,reorder,27/Jan/22 10:05 AM,07/Feb/22 12:00 AM,Medium
MakeIDB,MFG-157073,Ready for Print File Setup,reorder,27/Jan/22 9:51 AM,07/Feb/22 12:00 AM,Medium
MakeBrackets,MFG-157072,Open,reorder,27/Jan/22 9:51 AM,07/Feb/22 12:00 AM,Medium
MakeIDB,MFG-157068,Ready for Print File Setup,reorder,27/Jan/22 9:50 AM,07/Feb/22 12:00 AM,Medium
MakeBrackets,MFG-157067,Open,reorder,27/Jan/22 9:50 AM,07/Feb/22 12:00 AM,Medium
MakeIDB,MFG-157063,Ready for Print File Setup,reorder,27/Jan/22 9:47 AM,07/Feb/22 12:00 AM,Medium
MakeBrackets,MFG-157062,Open,reorder,27/Jan/22 9:47 AM,07/Feb/22 12:00 AM,Medium
MakeIDB,MFG-157058,Ready for Print File Setup,reorder,27/Jan/22 9:42 AM,07/Feb/22 12:00 AM,Medium
MakeBrackets,MFG-157057,Open,reorder,27/Jan/22 9:42 AM,07/Feb/22 12:00 AM,Medium
MakeIDB,MFG-157039,Ready for Print File Setup,reorder,27/Jan/22 9:27 AM,07/Feb/22 12:00 AM,Medium
MakeBrackets,MFG-157038,Open,reorder,27/Jan/22 9:27 AM,07/Feb/22 12:00 AM,Medium
MakeIDB,MFG-157027,Ready for Print File Setup,reorder,27/Jan/22 9:26 AM,07/Feb/22 12:00 AM,Medium
MakeBrackets,MFG-157026,Open,reorder,27/Jan/22 9:26 AM,07/Feb/22 12:00 AM,Medium
MakeIDB,MFG-156994,Ready for Print File Setup,reorder,27/Jan/22 8:56 AM,07/Feb/22 12:00 AM,Medium
MakeBrackets,MFG-156993,Brackets in Printer Queue,reorder,27/Jan/22 9:14 AM,07/Feb/22 12:00 AM,Medium
MakeIDB,MFG-156989,Ready for Print File Setup,reorder,27/Jan/22 8:52 AM,07/Feb/22 12:00 AM,Medium
MakeBrackets,MFG-156988,Open,reorder,27/Jan/22 8:52 AM,07/Feb/22 12:00 AM,Medium
MakeIDB,MFG-156984,Ready for Print File Setup,reorder,27/Jan/22 8:43 AM,07/Feb/22 12:00 AM,Medium
MakeBrackets,MFG-156983,Brackets in Printer Queue,reorder,27/Jan/22 9:13 AM,07/Feb/22 12:00 AM,Medium
MakeIDB,MFG-156979,Ready for Print File Setup,reorder,27/Jan/22 8:43 AM,07/Feb/22 12:00 AM,Medium
MakeBrackets,MFG-156978,Brackets in Printer Queue,reorder,27/Jan/22 9:13 AM,07/Feb/22 12:00 AM,Medium
MakeIDB,MFG-156967,Ready for Print File Setup,reorder,27/Jan/22 8:24 AM,07/Feb/22 12:00 AM,Medium
MakeBrackets,MFG-156966,Open,reorder,27/Jan/22 8:24 AM,07/Feb/22 12:00 AM,Medium
MakeIDB,MFG-156961,Ready for Print File Setup,reorder,27/Jan/22 8:07 AM,07/Feb/22 12:00 AM,Medium
MakeBrackets,MFG-156960,Open,reorder,27/Jan/22 8:07 AM,07/Feb/22 12:00 AM,Medium
MakeIDB,MFG-156955,Ready for Print File Setup,reorder,27/Jan/22 7:59 AM,07/Feb/22 12:00 AM,Medium
MakeBrackets,MFG-156954,Brackets in Printer Queue,reorder,27/Jan/22 9:14 AM,07/Feb/22 12:00 AM,Medium
MakeIDB,MFG-156922,Ready for Print File Setup,reorder,27/Jan/22 7:40 AM,07/Feb/22 12:00 AM,Medium
MakeBrackets,MFG-156921,Open,reorder,27/Jan/22 9:00 AM,07/Feb/22 12:00 AM,Medium
MakeIDB,MFG-156910,Ready for Print File Setup,reorder,27/Jan/22 7:23 AM,07/Feb/22 12:00 AM,Medium
MakeIDB,MFG-156828,Ready for Print File Setup,reorder,26/Jan/22 9:06 PM,07/Feb/22 12:00 AM,Medium
MakeBrackets,MFG-156827,Brackets in Printer Queue,reorder,27/Jan/22 9:14 AM,07/Feb/22 12:00 AM,Medium
MakeIDB,MFG-156795,Ready for Print File Setup,reorder,26/Jan/22 7:58 PM,07/Feb/22 12:00 AM,Medium
MakeBrackets,MFG-156794,Open,reorder,26/Jan/22 7:58 PM,07/Feb/22 12:00 AM,Medium
MakeIDB,MFG-156776,Ready for Print File Setup,reorder,27/Jan/22 5:03 AM,04/Feb/22 12:00 AM,Medium
MakeBrackets,MFG-156775,Warming Oven,reorder,27/Jan/22 10:43 AM,04/Feb/22 12:00 AM,Medium
MakeIDB,MFG-156771,Ready for Print File Setup,reorder,27/Jan/22 5:04 AM,04/Feb/22 12:00 AM,Medium
MakeBrackets,MFG-156770,Warming Oven,reorder,27/Jan/22 10:43 AM,04/Feb/22 12:00 AM,Medium
MakeIDB,MFG-156752,Ready for Print File Setup,reorder,26/Jan/22 6:20 PM,04/Feb/22 12:00 AM,Medium
MakeBrackets,MFG-156751,Open,reorder,26/Jan/22 6:20 PM,04/Feb/22 12:00 AM,Medium
MakeIDB,MFG-156740,Ready for Print File Setup,reorder,26/Jan/22 6:18 PM,04/Feb/22 12:00 AM,Medium
MakeIDB,MFG-156721,Ready for Print File Setup,reorder,26/Jan/22 6:08 PM,04/Feb/22 12:00 AM,Medium
MakeIDB,MFG-156716,Ready for Print File Setup,reorder,26/Jan/22 6:08 PM,04/Feb/22 12:00 AM,Medium
MakeIDB,MFG-156711,Ready for Print File Setup,reorder,27/Jan/22 5:04 AM,04/Feb/22 12:00 AM,Medium
MakeBrackets,MFG-156710,Warming Oven,reorder,27/Jan/22 10:43 AM,04/Feb/22 12:00 AM,Medium
MakeIDB,MFG-156685,Ready for Print File Setup,reorder,27/Jan/22 5:04 AM,04/Feb/22 12:00 AM,Medium
MakeBrackets,MFG-156684,Warming Oven,reorder,27/Jan/22 10:44 AM,04/Feb/22 12:00 AM,Medium
MakeIDB,MFG-156673,Ready for Print File Setup,reorder,26/Jan/22 5:54 PM,04/Feb/22 12:00 AM,Medium
MakeBrackets,MFG-156672,Open,reorder,26/Jan/22 5:54 PM,04/Feb/22 12:00 AM,Medium
MakeIDB,MFG-156668,Ready to Print,reorder,27/Jan/22 8:33 AM,04/Feb/22 12:00 AM,Highest
MakeBrackets,MFG-156667,Warming Oven,reorder,27/Jan/22 10:44 AM,04/Feb/22 12:00 AM,Highest
MakeIDB,MFG-156663,Ready for Print File Setup,reorder,26/Jan/22 5:51 PM,04/Feb/22 12:00 AM,Medium
MakeBrackets,MFG-156662,Open,reorder,26/Jan/22 5:51 PM,04/Feb/22 12:00 AM,Medium
MakeIDB,MFG-156658,Ready for Print File Setup,reorder,27/Jan/22 5:24 AM,04/Feb/22 12:00 AM,Medium
MakeBrackets,MFG-156657,Cerafab Print Start,reorder,27/Jan/22 11:05 AM,04/Feb/22 12:00 AM,Medium
MakeTubes,MFG-156655,Bracket Cleaning,reorder,27/Jan/22 12:21 PM,04/Feb/22 12:00 AM,Highest
MakeIDB,MFG-156653,Ready to Print,reorder,27/Jan/22 8:41 AM,04/Feb/22 12:00 AM,Highest
MakeIDB,MFG-156648,Ready for Print File Setup,reorder,27/Jan/22 5:25 AM,04/Feb/22 12:00 AM,Medium
MakeBrackets,MFG-156647,Cerafab Print Start,reorder,27/Jan/22 11:06 AM,04/Feb/22 12:00 AM,Medium
MakeIDB,MFG-156625,Ready for Print File Setup,reorder,27/Jan/22 10:50 AM,04/Feb/22 12:00 AM,Medium
MakeBrackets,MFG-156624,Debinding Program Started,reorder,27/Jan/22 10:50 AM,04/Feb/22 12:00 AM,Medium
MakeIDB,MFG-156620,Ready for Print File Setup,reorder,27/Jan/22 5:25 AM,04/Feb/22 12:00 AM,Medium
MakeBrackets,MFG-156619,Cerafab Print Start,reorder,27/Jan/22 11:06 AM,04/Feb/22 12:00 AM,Medium
MakeIDB,MFG-156594,Ready for Print File Setup,reorder,27/Jan/22 10:50 AM,04/Feb/22 12:00 AM,Medium
MakeBrackets,MFG-156593,Debinding Program Started,reorder,27/Jan/22 10:50 AM,04/Feb/22 12:00 AM,Medium
MakeIDB,MFG-156568,Ready to Print,reorder,27/Jan/22 8:33 AM,04/Feb/22 12:00 AM,Highest
MakeBrackets,MFG-156567,Cerafab Print Start,reorder,27/Jan/22 11:05 AM,04/Feb/22 12:00 AM,Highest
MakeIDB,MFG-156563,Ready for Print File Setup,reorder,26/Jan/22 8:24 PM,04/Feb/22 12:00 AM,Medium
MakeBrackets,MFG-156562,Warming Oven,reorder,26/Jan/22 9:22 PM,04/Feb/22 12:00 AM,Medium
MakeIDB,MFG-156558,Ready for Print File Setup,reorder,27/Jan/22 5:24 AM,04/Feb/22 12:00 AM,Medium
MakeBrackets,MFG-156557,Cerafab Print Start,reorder,27/Jan/22 11:05 AM,04/Feb/22 12:00 AM,Medium
MakeIDB,MFG-156546,Ready for Print File Setup,reorder,27/Jan/22 5:25 AM,04/Feb/22 12:00 AM,Medium
MakeBrackets,MFG-156545,Cerafab Print Start,reorder,27/Jan/22 11:06 AM,04/Feb/22 12:00 AM,Medium
MakeIDB,MFG-156541,Ready for Print File Setup,reorder,27/Jan/22 5:25 AM,04/Feb/22 12:00 AM,Medium
MakeBrackets,MFG-156540,Cerafab Print Start,reorder,27/Jan/22 11:06 AM,04/Feb/22 12:00 AM,Medium
MakeIDB,MFG-156522,Ready for Print File Setup,reorder,27/Jan/22 5:25 AM,04/Feb/22 12:00 AM,Medium
MakeBrackets,MFG-156521,Cerafab Print Start,reorder,27/Jan/22 11:06 AM,04/Feb/22 12:00 AM,Medium
MakeIDB,MFG-156517,Ready for Print File Setup,reorder,27/Jan/22 6:17 AM,04/Feb/22 12:00 AM,Medium
MakeBrackets,MFG-156516,Cerafab Print Start,reorder,27/Jan/22 12:19 PM,04/Feb/22 12:00 AM,Medium
MakeIDB,MFG-156512,Ready for Print File Setup,reorder,27/Jan/22 10:50 AM,04/Feb/22 12:00 AM,Medium
MakeBrackets,MFG-156511,Debinding Program Started,reorder,27/Jan/22 10:50 AM,04/Feb/22 12:00 AM,Medium
MakeIDB,MFG-156507,Ready for Print File Setup,reorder,27/Jan/22 6:16 AM,04/Feb/22 12:00 AM,Medium
MakeBrackets,MFG-156506,Cerafab Print Start,reorder,27/Jan/22 12:22 PM,04/Feb/22 12:00 AM,Medium
MakeIDB,MFG-156502,Ready for Print File Setup,reorder,27/Jan/22 10:50 AM,04/Feb/22 12:00 AM,Medium
MakeBrackets,MFG-156501,Debinding Program Started,reorder,27/Jan/22 10:50 AM,04/Feb/22 12:00 AM,Medium
MakeIDB,MFG-156476,Ready for Print File Setup,reorder,27/Jan/22 6:16 AM,04/Feb/22 12:00 AM,Medium
MakeBrackets,MFG-156475,Cerafab Print Start,reorder,27/Jan/22 12:22 PM,04/Feb/22 12:00 AM,Medium
MakeIDB,MFG-156471,Ready to Print,reorder,27/Jan/22 8:40 AM,04/Feb/22 12:00 AM,Highest
MakeBrackets,MFG-156470,Warming Oven,reorder,27/Jan/22 11:55 AM,04/Feb/22 12:00 AM,Highest
MakeIDB,MFG-156466,Ready for Print File Setup,reorder,27/Jan/22 6:17 AM,04/Feb/22 12:00 AM,Medium
MakeBrackets,MFG-156465,Cerafab Print Start,reorder,27/Jan/22 12:22 PM,04/Feb/22 12:00 AM,Medium
MakeIDB,MFG-156426,Ready for Print File Setup,reorder,26/Jan/22 3:19 PM,04/Feb/22 12:00 AM,Medium
MakeBrackets,MFG-156425,Debinding Program Started,reorder,27/Jan/22 10:49 AM,04/Feb/22 12:00 AM,Medium
MakeIDB,MFG-156421,Ready for Print File Setup,reorder,26/Jan/22 3:19 PM,04/Feb/22 12:00 AM,Medium
MakeBrackets,MFG-156420,Debinding Program Started,reorder,27/Jan/22 10:49 AM,04/Feb/22 12:00 AM,Medium
MakeIDB,MFG-156416,Ready for Print File Setup,reorder,27/Jan/22 6:16 AM,04/Feb/22 12:00 AM,Medium
MakeBrackets,MFG-156415,Cerafab Print Start,reorder,27/Jan/22 12:21 PM,04/Feb/22 12:00 AM,Medium
MakeIDB,MFG-156397,Ready for Print File Setup,reorder,27/Jan/22 6:17 AM,04/Feb/22 12:00 AM,Medium
MakeBrackets,MFG-156396,Cerafab Print Start,reorder,27/Jan/22 12:21 PM,04/Feb/22 12:00 AM,Medium
MakeIDB,MFG-156378,Ready for Print File Setup,reorder,27/Jan/22 6:15 AM,04/Feb/22 12:00 AM,Medium
MakeBrackets,MFG-156377,Cerafab Print Start,reorder,27/Jan/22 12:20 PM,04/Feb/22 12:00 AM,Medium
MakeIDB,MFG-156373,Ready for Print File Setup,reorder,27/Jan/22 8:10 AM,04/Feb/22 12:00 AM,Medium
MakeBrackets,MFG-156372,Warming Oven,reorder,27/Jan/22 11:55 AM,04/Feb/22 12:00 AM,Medium
MakeIDB,MFG-156354,Ready for Print File Setup,reorder,27/Jan/22 7:06 AM,04/Feb/22 12:00 AM,Medium
MakeBrackets,MFG-156353,Bracket Cleaning,reorder,27/Jan/22 12:58 PM,04/Feb/22 12:00 AM,Medium
MakeTubes,MFG-156323,Backlog,mixed_dentition,26/Jan/22 2:27 PM,02/Mar/22 12:00 AM,Medium
MakeIDB,MFG-156321,Backlog,mixed_dentition,26/Jan/22 2:27 PM,02/Mar/22 12:00 AM,Medium
MakeBrackets,MFG-156320,Backlog,mixed_dentition,26/Jan/22 2:27 PM,02/Mar/22 12:00 AM,Medium
MakeIDB,MFG-156314,Ready to Print,reorder,27/Jan/22 11:06 AM,04/Feb/22 12:00 AM,Highest
MakeBrackets,MFG-156313,Warming Oven,reorder,26/Jan/22 10:13 PM,04/Feb/22 12:00 AM,Highest
MakeIDB,MFG-156309,Ready for Print File Setup,reorder,27/Jan/22 8:10 AM,04/Feb/22 12:00 AM,Medium
MakeBrackets,MFG-156308,Warming Oven,reorder,27/Jan/22 11:55 AM,04/Feb/22 12:00 AM,Medium
MakeIDB,MFG-156304,Ready for Print File Setup,mixed_dentition,27/Jan/22 7:07 AM,04/Feb/22 12:00 AM,Medium
MakeBrackets,MFG-156303,Bracket Cleaning,mixed_dentition,27/Jan/22 12:59 PM,04/Feb/22 12:00 AM,Medium
MakeIDB,MFG-156299,Ready for Print File Setup,reorder,26/Jan/22 2:13 PM,04/Feb/22 12:00 AM,Medium
MakeBrackets,MFG-156298,Debinding Program Started,reorder,27/Jan/22 10:49 AM,04/Feb/22 12:00 AM,Medium
MakeIDB,MFG-156273,Ready for Print File Setup,reorder,27/Jan/22 7:07 AM,04/Feb/22 12:00 AM,Medium
MakeBrackets,MFG-156272,Bracket Cleaning,reorder,27/Jan/22 12:59 PM,04/Feb/22 12:00 AM,Medium
MakeIDB,MFG-156254,Ready for Print File Setup,reorder,27/Jan/22 10:50 AM,04/Feb/22 12:00 AM,Medium
MakeBrackets,MFG-156253,Debinding Program Started,reorder,27/Jan/22 10:50 AM,04/Feb/22 12:00 AM,Medium
MakeIDB,MFG-156249,Ready for Print File Setup,reorder,27/Jan/22 7:08 AM,04/Feb/22 12:00 AM,Medium
MakeBrackets,MFG-156248,Bracket Cleaning,reorder,27/Jan/22 12:59 PM,04/Feb/22 12:00 AM,Medium
MakeIDB,MFG-156222,Ready for Print File Setup,reorder,27/Jan/22 7:07 AM,04/Feb/22 12:00 AM,Medium
MakeBrackets,MFG-156221,Bracket Cleaning,reorder,27/Jan/22 12:59 PM,04/Feb/22 12:00 AM,Medium
MakeIDB,MFG-156210,Ready for Print File Setup,reorder,27/Jan/22 7:07 AM,04/Feb/22 12:00 AM,Medium
MakeBrackets,MFG-156209,Bracket Cleaning,reorder,27/Jan/22 12:59 PM,04/Feb/22 12:00 AM,Medium
MakeIDB,MFG-156198,Ready for Print File Setup,reorder,26/Jan/22 12:35 PM,04/Feb/22 12:00 AM,Medium
MakeIDB,MFG-156193,Ready for Print File Setup,reorder,26/Jan/22 12:33 PM,04/Feb/22 12:00 AM,Medium
MakeIDB,MFG-156188,Ready for Print File Setup,reorder,27/Jan/22 7:08 AM,04/Feb/22 12:00 AM,Medium
MakeBrackets,MFG-156187,Bracket Cleaning,reorder,27/Jan/22 12:59 PM,04/Feb/22 12:00 AM,Medium
MakeIDB,MFG-156176,Ready for Print File Setup,reorder,26/Jan/22 12:30 PM,04/Feb/22 12:00 AM,Medium
MakeIDB,MFG-156164,Ready for Print File Setup,reorder,27/Jan/22 7:45 AM,04/Feb/22 12:00 AM,Medium
MakeBrackets,MFG-156163,Brackets in Printer Queue,reorder,27/Jan/22 7:47 AM,04/Feb/22 12:00 AM,Medium
MakeIDB,MFG-156159,Ready for Print File Setup,reorder,27/Jan/22 9:13 AM,04/Feb/22 12:00 AM,Medium
MakeBrackets,MFG-156158,Brackets in Printer Queue,reorder,27/Jan/22 9:14 AM,04/Feb/22 12:00 AM,Medium
MakeIDB,MFG-156147,Ready for Print File Setup,reorder,26/Jan/22 12:06 PM,04/Feb/22 12:00 AM,Medium
MakeIDB,MFG-156142,Ready for Print File Setup,reorder,27/Jan/22 7:45 AM,04/Feb/22 12:00 AM,Medium
MakeBrackets,MFG-156141,Brackets in Printer Queue,reorder,27/Jan/22 7:45 AM,04/Feb/22 12:00 AM,Medium
MakeIDB,MFG-156137,Ready for Print File Setup,reorder,27/Jan/22 7:45 AM,04/Feb/22 12:00 AM,Medium
MakeBrackets,MFG-156136,Brackets in Printer Queue,reorder,27/Jan/22 7:47 AM,04/Feb/22 12:00 AM,Medium
MakeIDB,MFG-156132,Ready for Print File Setup,reorder,27/Jan/22 10:50 AM,04/Feb/22 12:00 AM,Medium
MakeBrackets,MFG-156131,Debinding Program Started,reorder,27/Jan/22 10:50 AM,04/Feb/22 12:00 AM,Medium
MakeIDB,MFG-156127,Ready for Print File Setup,mixed_dentition,27/Jan/22 7:45 AM,04/Feb/22 12:00 AM,Medium
MakeBrackets,MFG-156126,Brackets in Printer Queue,mixed_dentition,27/Jan/22 7:47 AM,04/Feb/22 12:00 AM,Medium
MakeTubes,MFG-156124,Bracket Cleaning,reorder,27/Jan/22 12:22 PM,04/Feb/22 12:00 AM,Medium
MakeIDB,MFG-156122,Ready for Print File Setup,reorder,27/Jan/22 4:29 AM,04/Feb/22 12:00 AM,Medium
MakeBrackets,MFG-156121,Brackets in Printer Queue,reorder,27/Jan/22 7:47 AM,04/Feb/22 12:00 AM,Medium
MakeIDB,MFG-156109,Ready for Print File Setup,reorder,27/Jan/22 7:45 AM,04/Feb/22 12:00 AM,Medium
MakeBrackets,MFG-156108,Brackets in Printer Queue,reorder,27/Jan/22 7:47 AM,04/Feb/22 12:00 AM,Medium
MakeIDB,MFG-156104,Ready for Print File Setup,reorder,27/Jan/22 7:45 AM,04/Feb/22 12:00 AM,Medium
MakeBrackets,MFG-156103,Brackets in Printer Queue,reorder,27/Jan/22 7:48 AM,04/Feb/22 12:00 AM,Medium
MakeIDB,MFG-156099,Ready for Print File Setup,reorder,27/Jan/22 9:13 AM,04/Feb/22 12:00 AM,Medium
MakeBrackets,MFG-156098,Brackets in Printer Queue,reorder,27/Jan/22 9:14 AM,04/Feb/22 12:00 AM,Medium
MakeIDB,MFG-156066,Ready for Print File Setup,reorder,26/Jan/22 11:18 AM,04/Feb/22 12:00 AM,Medium
MakeIDB,MFG-156054,Ready for Print File Setup,reorder,26/Jan/22 11:11 AM,04/Feb/22 12:00 AM,Medium
MakeBrackets,MFG-156053,Brackets in Printer Queue,reorder,26/Jan/22 11:21 AM,04/Feb/22 12:00 AM,Medium
MakeIDB,MFG-156035,Ready for Print File Setup,reorder,27/Jan/22 10:50 AM,04/Feb/22 12:00 AM,Medium
MakeBrackets,MFG-156034,Debinding Program Started,reorder,27/Jan/22 10:50 AM,04/Feb/22 12:00 AM,Medium
MakeIDB,MFG-156023,Ready for Print File Setup,reorder,26/Jan/22 10:48 AM,04/Feb/22 12:00 AM,Medium
MakeIDB,MFG-156010,Ready for Print File Setup,reorder,26/Jan/22 10:45 AM,04/Feb/22 12:00 AM,Medium
MakeBrackets,MFG-156009,Warming Oven,reorder,26/Jan/22 6:55 PM,04/Feb/22 12:00 AM,Medium
MakeIDB,MFG-155984,Ready for Print File Setup,reorder,26/Jan/22 10:31 AM,04/Feb/22 12:00 AM,Medium
MakeBrackets,MFG-155983,Warming Oven,reorder,26/Jan/22 6:56 PM,04/Feb/22 12:00 AM,Medium
MakeIDB,MFG-155979,Ready for Print File Setup,reorder,26/Jan/22 10:32 AM,04/Feb/22 12:00 AM,Medium
MakeBrackets,MFG-155978,Warming Oven,reorder,26/Jan/22 6:56 PM,04/Feb/22 12:00 AM,Medium
MakeIDB,MFG-155960,Ready for Print File Setup,reorder,26/Jan/22 10:23 AM,04/Feb/22 12:00 AM,Medium
MakeBrackets,MFG-155959,Warming Oven,reorder,26/Jan/22 6:56 PM,04/Feb/22 12:00 AM,Medium
MakeIDB,MFG-155955,Ready for Print File Setup,reorder,26/Jan/22 10:18 AM,04/Feb/22 12:00 AM,Medium
MakeBrackets,MFG-155954,Warming Oven,reorder,26/Jan/22 6:56 PM,04/Feb/22 12:00 AM,Medium
MakeIDB,MFG-155943,Ready for Print File Setup,reorder,26/Jan/22 10:16 AM,04/Feb/22 12:00 AM,Medium
MakeBrackets,MFG-155942,Warming Oven,reorder,26/Jan/22 6:56 PM,04/Feb/22 12:00 AM,Medium
MakeIDB,MFG-155917,Ready to Print,reorder,27/Jan/22 9:07 AM,04/Feb/22 12:00 AM,Highest
MakeBrackets,MFG-155916,Debinding Program Started,reorder,27/Jan/22 10:49 AM,04/Feb/22 12:00 AM,Highest
MakeIDB,MFG-155905,Ready for Print File Setup,reorder,26/Jan/22 10:03 AM,04/Feb/22 12:00 AM,Medium
MakeBrackets,MFG-155904,Warming Oven,reorder,26/Jan/22 6:56 PM,04/Feb/22 12:00 AM,Medium
MakeIDB,MFG-155893,Ready for Print File Setup,reorder,27/Jan/22 10:50 AM,04/Feb/22 12:00 AM,Medium
MakeBrackets,MFG-155892,Debinding Program Started,reorder,27/Jan/22 10:50 AM,04/Feb/22 12:00 AM,Medium
MakeIDB,MFG-155880,Ready for Print File Setup,reorder,27/Jan/22 10:50 AM,04/Feb/22 12:00 AM,Medium
MakeBrackets,MFG-155879,Debinding Program Started,reorder,27/Jan/22 10:50 AM,04/Feb/22 12:00 AM,Medium
MakeIDB,MFG-155861,Ready for Print File Setup,reorder,26/Jan/22 9:24 AM,04/Feb/22 12:00 AM,Medium
MakeBrackets,MFG-155860,Brackets in Printer Queue,reorder,26/Jan/22 11:21 AM,04/Feb/22 12:00 AM,Medium
MakeIDB,MFG-155841,Ready for Print File Setup,reorder,26/Jan/22 8:54 AM,04/Feb/22 12:00 AM,Medium
MakeBrackets,MFG-155840,Debinding Program Started,reorder,27/Jan/22 8:03 AM,04/Feb/22 12:00 AM,Medium
MakeIDB,MFG-155836,Ready for Print File Setup,reorder,27/Jan/22 10:50 AM,04/Feb/22 12:00 AM,Medium
MakeBrackets,MFG-155835,Debinding Program Started,reorder,27/Jan/22 10:50 AM,04/Feb/22 12:00 AM,Medium
MakeIDB,MFG-155808,Ready for Print File Setup,reorder,26/Jan/22 8:20 AM,04/Feb/22 12:00 AM,Medium
MakeBrackets,MFG-155807,Debinding Program Started,reorder,27/Jan/22 8:03 AM,04/Feb/22 12:00 AM,Medium
MakeIDB,MFG-155789,Ready for Print File Setup,reorder,26/Jan/22 8:05 AM,04/Feb/22 12:00 AM,Medium
MakeBrackets,MFG-155788,Brackets in Printer Queue,reorder,26/Jan/22 11:20 AM,04/Feb/22 12:00 AM,Medium
MakeIDB,MFG-155770,Ready for Print File Setup,reorder,26/Jan/22 8:06 AM,04/Feb/22 12:00 AM,Medium
MakeIDB,MFG-155742,Ready for Print File Setup,reorder,26/Jan/22 7:38 AM,04/Feb/22 12:00 AM,Medium
MakeBrackets,MFG-155741,Brackets in Printer Queue,reorder,26/Jan/22 11:20 AM,04/Feb/22 12:00 AM,Medium
MakeIDB,MFG-155737,Ready for Print File Setup,reorder,26/Jan/22 7:34 AM,04/Feb/22 12:00 AM,Medium
MakeIDB,MFG-155723,Backlog,staged_treatment,25/Jan/22 11:10 PM,02/Mar/22 12:00 AM,Medium
MakeBrackets,MFG-155722,Backlog,staged_treatment,25/Jan/22 11:10 PM,02/Mar/22 12:00 AM,Medium
MakeIDB,MFG-155709,Ready for Print File Setup,reorder,27/Jan/22 8:10 AM,04/Feb/22 12:00 AM,Medium
MakeBrackets,MFG-155708,Warming Oven,reorder,27/Jan/22 11:55 AM,04/Feb/22 12:00 AM,Medium
MakeIDB,MFG-155704,Ready for Print File Setup,reorder,25/Jan/22 8:11 PM,04/Feb/22 12:00 AM,Medium
MakeBrackets,MFG-155703,Brackets in Printer Queue,reorder,26/Jan/22 11:21 AM,04/Feb/22 12:00 AM,Medium
MakeIDB,MFG-155684,Ready for Print File Setup,reorder,25/Jan/22 7:29 PM,04/Feb/22 12:00 AM,Medium
MakeBrackets,MFG-155683,Brackets in Printer Queue,reorder,26/Jan/22 11:20 AM,04/Feb/22 12:00 AM,Medium
MakeIDB,MFG-155679,Ready for Print File Setup,reorder,27/Jan/22 10:50 AM,04/Feb/22 12:00 AM,Medium
MakeBrackets,MFG-155678,Debinding Program Started,reorder,27/Jan/22 10:50 AM,04/Feb/22 12:00 AM,Medium
MakeIDB,MFG-155674,Ready for Print File Setup,reorder,25/Jan/22 7:08 PM,04/Feb/22 12:00 AM,Medium
MakeBrackets,MFG-155673,Brackets in Printer Queue,reorder,26/Jan/22 11:21 AM,04/Feb/22 12:00 AM,Medium
MakeIDB,MFG-155669,Ready to Print,reorder,27/Jan/22 8:18 AM,03/Feb/22 12:00 AM,Medium
MakeBrackets,MFG-155668,Debinding Program Started,reorder,27/Jan/22 8:03 AM,03/Feb/22 12:00 AM,Medium
MakeBrackets,MFG-155656,Debinding Program Started,reorder,27/Jan/22 11:27 AM,03/Feb/22 12:00 AM,Medium
MakeBrackets,MFG-155627,Debinding Program Started,reorder,27/Jan/22 11:29 AM,03/Feb/22 12:00 AM,Highest
MakeIDB,MFG-155602,Ready to Print,reorder,27/Jan/22 9:07 AM,03/Feb/22 12:00 AM,Medium
MakeBrackets,MFG-155601,Debinding Program Started,reorder,27/Jan/22 8:03 AM,03/Feb/22 12:00 AM,Medium
MakeIDB,MFG-155590,Ready to Print,reorder,27/Jan/22 9:29 AM,03/Feb/22 12:00 AM,Medium
MakeBrackets,MFG-155589,Warming Oven,reorder,26/Jan/22 7:01 PM,03/Feb/22 12:00 AM,Medium
MakeIDB,MFG-155585,Ready to Print,reorder,27/Jan/22 9:29 AM,03/Feb/22 12:00 AM,Medium
MakeBrackets,MFG-155584,Debinding Program Started,reorder,27/Jan/22 8:03 AM,03/Feb/22 12:00 AM,Medium
MakeIDB,MFG-155578,Ready to Print,reorder,27/Jan/22 10:50 AM,03/Feb/22 12:00 AM,Medium
MakeBrackets,MFG-155577,Debinding Program Started,reorder,27/Jan/22 10:50 AM,03/Feb/22 12:00 AM,Medium
MakeIDB,MFG-155572,Ready to Print,reorder,27/Jan/22 9:35 AM,03/Feb/22 12:00 AM,Medium
MakeBrackets,MFG-155571,Debinding Program Started,reorder,27/Jan/22 8:03 AM,03/Feb/22 12:00 AM,Medium
MakeIDB,MFG-155567,IDB Rinse,reorder,27/Jan/22 12:52 PM,03/Feb/22 12:00 AM,Medium
MakeBrackets,MFG-155566,Warming Oven,reorder,26/Jan/22 8:36 AM,03/Feb/22 12:00 AM,Medium
MakeIDB,MFG-155555,IDB Rinse,reorder,27/Jan/22 12:53 PM,03/Feb/22 12:00 AM,Medium
MakeBrackets,MFG-155554,Debinding Program Started,reorder,27/Jan/22 10:49 AM,03/Feb/22 12:00 AM,Medium
MakeIDB,MFG-155543,Ready to Print,reorder,27/Jan/22 11:44 AM,03/Feb/22 12:00 AM,Medium
MakeBrackets,MFG-155542,Warming Oven,reorder,26/Jan/22 8:41 AM,03/Feb/22 12:00 AM,Medium
MakeIDB,MFG-155531,Ready to Print,reorder,27/Jan/22 11:44 AM,03/Feb/22 12:00 AM,Medium
MakeBrackets,MFG-155530,Debinding Program Started,reorder,27/Jan/22 8:03 AM,03/Feb/22 12:00 AM,Medium
MakeIDB,MFG-155526,Ready to Print,reorder,27/Jan/22 11:49 AM,03/Feb/22 12:00 AM,Medium
MakeBrackets,MFG-155525,Debinding Program Started,reorder,27/Jan/22 8:03 AM,03/Feb/22 12:00 AM,Medium
MakeIDB,MFG-155521,Ready to Print,reorder,27/Jan/22 11:56 AM,03/Feb/22 12:00 AM,Medium
MakeBrackets,MFG-155520,Warming Oven,reorder,26/Jan/22 8:41 AM,03/Feb/22 12:00 AM,Medium
MakeIDB,MFG-155516,Ready to Print,reorder,27/Jan/22 11:50 AM,03/Feb/22 12:00 AM,Medium
MakeBrackets,MFG-155515,Warming Oven,reorder,26/Jan/22 8:41 AM,03/Feb/22 12:00 AM,Medium
MakeIDB,MFG-155511,Ready to Print,reorder,27/Jan/22 11:56 AM,03/Feb/22 12:00 AM,Medium
MakeBrackets,MFG-155510,Warming Oven,reorder,26/Jan/22 8:40 AM,03/Feb/22 12:00 AM,Medium
MakeIDB,MFG-155506,Vida Print Start,reorder,27/Jan/22 1:00 PM,03/Feb/22 12:00 AM,Medium
MakeBrackets,MFG-155505,Warming Oven,reorder,26/Jan/22 8:37 AM,03/Feb/22 12:00 AM,Medium
MakeIDB,MFG-155494,Print Next,reorder,27/Jan/22 12:55 PM,03/Feb/22 12:00 AM,Medium
MakeBrackets,MFG-155493,Debinding Program Started,reorder,27/Jan/22 10:51 AM,03/Feb/22 12:00 AM,Medium
MakeIDB,MFG-155489,Ready to Print,reorder,27/Jan/22 12:28 PM,03/Feb/22 12:00 AM,Medium
MakeBrackets,MFG-155488,Warming Oven,reorder,26/Jan/22 8:40 AM,03/Feb/22 12:00 AM,Medium
MakeIDB,MFG-155484,Ready to Print,reorder,27/Jan/22 12:38 PM,03/Feb/22 12:00 AM,Medium
MakeBrackets,MFG-155483,Debinding Program Started,reorder,27/Jan/22 8:03 AM,03/Feb/22 12:00 AM,Medium
MakeIDB,MFG-155479,Ready to Print,reorder,27/Jan/22 12:38 PM,03/Feb/22 12:00 AM,Medium
MakeBrackets,MFG-155478,Warming Oven,reorder,26/Jan/22 9:23 PM,03/Feb/22 12:00 AM,Medium
MakeIDB,MFG-155474,Ready to Print,reorder,27/Jan/22 12:50 PM,03/Feb/22 12:00 AM,Medium
MakeBrackets,MFG-155473,Warming Oven,reorder,26/Jan/22 9:38 AM,03/Feb/22 12:00 AM,Medium
MakeIDB,MFG-155469,Ready to Print,reorder,27/Jan/22 12:50 PM,03/Feb/22 12:00 AM,Medium
MakeBrackets,MFG-155468,Debinding Program Started,reorder,27/Jan/22 8:03 AM,03/Feb/22 12:00 AM,Medium
MakeIDB,MFG-155457,Ready for Print File Setup,reorder,26/Jan/22 5:05 AM,03/Feb/22 12:00 AM,Medium
MakeBrackets,MFG-155456,Warming Oven,reorder,26/Jan/22 9:39 AM,03/Feb/22 12:00 AM,Medium
MakeIDB,MFG-155452,Ready for Print File Setup,reorder,26/Jan/22 8:23 PM,03/Feb/22 12:00 AM,Medium
MakeBrackets,MFG-155451,Warming Oven,reorder,26/Jan/22 9:24 PM,03/Feb/22 12:00 AM,Medium
MakeIDB,MFG-155447,Ready for Print File Setup,reorder,26/Jan/22 5:05 AM,03/Feb/22 12:00 AM,Medium
MakeBrackets,MFG-155446,Debinding Program Started,reorder,27/Jan/22 8:03 AM,03/Feb/22 12:00 AM,Medium
MakeIDB,MFG-155435,Backlog,mixed_dentition,25/Jan/22 3:52 PM,01/Mar/22 12:00 AM,Medium
MakeBrackets,MFG-155434,Backlog,mixed_dentition,25/Jan/22 3:52 PM,01/Mar/22 12:00 AM,Medium
MakeIDB,MFG-155414,Ready for Print File Setup,reorder,26/Jan/22 8:23 PM,03/Feb/22 12:00 AM,Medium
MakeBrackets,MFG-155413,Warming Oven,reorder,26/Jan/22 9:24 PM,03/Feb/22 12:00 AM,Medium
MakeIDB,MFG-155409,Ready for Print File Setup,reorder,26/Jan/22 5:05 AM,03/Feb/22 12:00 AM,Medium
MakeBrackets,MFG-155408,Warming Oven,reorder,26/Jan/22 9:40 AM,03/Feb/22 12:00 AM,Medium
MakeIDB,MFG-155404,Ready for Print File Setup,reorder,26/Jan/22 5:05 AM,03/Feb/22 12:00 AM,Medium
MakeBrackets,MFG-155403,Debinding Program Started,reorder,27/Jan/22 8:03 AM,03/Feb/22 12:00 AM,Medium
MakeIDB,MFG-155399,Ready for Print File Setup,reorder,26/Jan/22 5:19 AM,03/Feb/22 12:00 AM,Medium
MakeBrackets,MFG-155398,Debinding Program Started,reorder,27/Jan/22 8:03 AM,03/Feb/22 12:00 AM,Medium
MakeIDB,MFG-155394,Ready for Print File Setup,reorder,26/Jan/22 5:19 AM,03/Feb/22 12:00 AM,Medium
MakeBrackets,MFG-155393,Debinding Program Started,reorder,27/Jan/22 8:03 AM,03/Feb/22 12:00 AM,Medium
MakeIDB,MFG-155389,Ready for Print File Setup,reorder,27/Jan/22 10:51 AM,03/Feb/22 12:00 AM,Medium
MakeBrackets,MFG-155388,Debinding Program Started,reorder,27/Jan/22 10:51 AM,03/Feb/22 12:00 AM,Medium
MakeIDB,MFG-155377,Ready for Print File Setup,reorder,26/Jan/22 7:03 AM,03/Feb/22 12:00 AM,Medium
MakeBrackets,MFG-155376,Debinding Program Started,reorder,27/Jan/22 8:03 AM,03/Feb/22 12:00 AM,Medium
MakeIDB,MFG-155365,Ready for Print File Setup,reorder,26/Jan/22 5:19 AM,03/Feb/22 12:00 AM,Medium
MakeBrackets,MFG-155364,Debinding Program Started,reorder,27/Jan/22 8:03 AM,03/Feb/22 12:00 AM,Medium
MakeIDB,MFG-155360,Ready for Print File Setup,reorder,26/Jan/22 5:19 AM,03/Feb/22 12:00 AM,Medium
MakeBrackets,MFG-155359,Debinding Program Started,reorder,27/Jan/22 8:03 AM,03/Feb/22 12:00 AM,Medium
MakeIDB,MFG-155349,Ready for Print File Setup,reorder,26/Jan/22 5:19 AM,03/Feb/22 12:00 AM,Medium
MakeBrackets,MFG-155348,Warming Oven,reorder,26/Jan/22 3:51 PM,03/Feb/22 12:00 AM,Medium
MakeIDB,MFG-155344,Ready for Print File Setup,reorder,27/Jan/22 10:51 AM,03/Feb/22 12:00 AM,Medium
MakeBrackets,MFG-155343,Debinding Program Started,reorder,27/Jan/22 10:51 AM,03/Feb/22 12:00 AM,Medium
MakeIDB,MFG-155325,Ready for Print File Setup,reorder,27/Jan/22 10:34 AM,03/Feb/22 12:00 AM,Medium
MakeBrackets,MFG-155324,Bracket Cleaning,reorder,27/Jan/22 12:34 PM,03/Feb/22 12:00 AM,Medium
MakeIDB,MFG-155320,Ready for Print File Setup,reorder,26/Jan/22 5:19 AM,03/Feb/22 12:00 AM,Medium
MakeBrackets,MFG-155319,Debinding Program Started,reorder,27/Jan/22 8:03 AM,03/Feb/22 12:00 AM,Medium
MakeIDB,MFG-155315,Ready for Print File Setup,reorder,26/Jan/22 5:19 AM,03/Feb/22 12:00 AM,Medium
MakeBrackets,MFG-155314,Debinding Program Started,reorder,27/Jan/22 8:03 AM,03/Feb/22 12:00 AM,Medium
MakeIDB,MFG-155310,Ready for Print File Setup,reorder,26/Jan/22 5:46 AM,03/Feb/22 12:00 AM,Medium
MakeBrackets,MFG-155309,Warming Oven,reorder,26/Jan/22 1:22 PM,03/Feb/22 12:00 AM,Medium
MakeIDB,MFG-155305,Ready for Print File Setup,reorder,26/Jan/22 5:46 AM,03/Feb/22 12:00 AM,Medium
MakeBrackets,MFG-155304,Warming Oven,reorder,26/Jan/22 1:22 PM,03/Feb/22 12:00 AM,Medium
MakeIDB,MFG-155293,Ready for Print File Setup,reorder,26/Jan/22 5:46 AM,03/Feb/22 12:00 AM,Medium
MakeBrackets,MFG-155292,Warming Oven,reorder,26/Jan/22 1:22 PM,03/Feb/22 12:00 AM,Medium
MakeIDB,MFG-155281,Ready for Print File Setup,reorder,26/Jan/22 7:03 AM,03/Feb/22 12:00 AM,Medium
MakeBrackets,MFG-155280,Debinding Program Started,reorder,27/Jan/22 8:03 AM,03/Feb/22 12:00 AM,Medium
MakeIDB,MFG-155276,Ready for Print File Setup,reorder,27/Jan/22 10:34 AM,03/Feb/22 12:00 AM,Medium
MakeBrackets,MFG-155275,Bracket Cleaning,reorder,27/Jan/22 12:34 PM,03/Feb/22 12:00 AM,Medium
MakeIDB,MFG-155271,Ready for Print File Setup,reorder,26/Jan/22 5:46 AM,03/Feb/22 12:00 AM,Medium
MakeBrackets,MFG-155270,Warming Oven,reorder,26/Jan/22 1:22 PM,03/Feb/22 12:00 AM,Medium
MakeIDB,MFG-155266,Ready for Print File Setup,reorder,26/Jan/22 5:46 AM,03/Feb/22 12:00 AM,Medium
MakeBrackets,MFG-155265,Warming Oven,reorder,26/Jan/22 1:22 PM,03/Feb/22 12:00 AM,Medium
MakeIDB,MFG-155261,Ready for Print File Setup,reorder,26/Jan/22 5:46 AM,03/Feb/22 12:00 AM,Medium
MakeBrackets,MFG-155260,Warming Oven,reorder,26/Jan/22 1:23 PM,03/Feb/22 12:00 AM,Medium
MakeIDB,MFG-155256,Ready for Print File Setup,reorder,27/Jan/22 10:34 AM,03/Feb/22 12:00 AM,Medium
MakeBrackets,MFG-155255,Bracket Cleaning,reorder,27/Jan/22 12:35 PM,03/Feb/22 12:00 AM,Medium
MakeIDB,MFG-155251,Ready for Print File Setup,reorder,26/Jan/22 5:46 AM,03/Feb/22 12:00 AM,Medium
MakeBrackets,MFG-155250,Warming Oven,reorder,26/Jan/22 1:23 PM,03/Feb/22 12:00 AM,Medium
MakeIDB,MFG-155225,Ready for Print File Setup,reorder,26/Jan/22 6:16 AM,03/Feb/22 12:00 AM,Medium
MakeBrackets,MFG-155224,Debinding Program Started,reorder,27/Jan/22 8:03 AM,03/Feb/22 12:00 AM,Medium
MakeIDB,MFG-155213,Ready for Print File Setup,reorder,26/Jan/22 6:15 AM,03/Feb/22 12:00 AM,Medium
MakeBrackets,MFG-155212,Warming Oven,reorder,26/Jan/22 12:01 PM,03/Feb/22 12:00 AM,Medium
MakeIDB,MFG-155208,Ready for Print File Setup,reorder,26/Jan/22 6:16 AM,03/Feb/22 12:00 AM,Medium
MakeBrackets,MFG-155207,Warming Oven,reorder,26/Jan/22 12:01 PM,03/Feb/22 12:00 AM,Medium
MakeIDB,MFG-155202,Ready for Print File Setup,reorder,26/Jan/22 6:16 AM,03/Feb/22 12:00 AM,Medium
MakeBrackets,MFG-155201,Warming Oven,reorder,26/Jan/22 12:01 PM,03/Feb/22 12:00 AM,Medium
MakeIDB,MFG-155190,Ready for Print File Setup,reorder,26/Jan/22 6:16 AM,03/Feb/22 12:00 AM,Medium
MakeBrackets,MFG-155189,Debinding Program Started,reorder,27/Jan/22 8:03 AM,03/Feb/22 12:00 AM,Medium
MakeIDB,MFG-155178,Ready for Print File Setup,reorder,26/Jan/22 6:16 AM,03/Feb/22 12:00 AM,Medium
MakeBrackets,MFG-155177,Debinding Program Started,reorder,27/Jan/22 8:03 AM,03/Feb/22 12:00 AM,Medium
MakeIDB,MFG-155152,Ready for Print File Setup,reorder,25/Jan/22 2:01 PM,03/Feb/22 12:00 AM,Medium
MakeIDB,MFG-155147,Ready for Print File Setup,reorder,27/Jan/22 5:04 AM,03/Feb/22 12:00 AM,Medium
MakeBrackets,MFG-155146,Warming Oven,reorder,27/Jan/22 10:43 AM,03/Feb/22 12:00 AM,Medium
MakeIDB,MFG-155142,Ready for Print File Setup,reorder,26/Jan/22 7:19 AM,03/Feb/22 12:00 AM,Medium
MakeBrackets,MFG-155141,Debinding Program Started,reorder,27/Jan/22 8:03 AM,03/Feb/22 12:00 AM,Medium
MakeIDB,MFG-155137,Ready for Print File Setup,reorder,26/Jan/22 7:19 AM,03/Feb/22 12:00 AM,Medium
MakeBrackets,MFG-155136,Debinding Program Started,reorder,27/Jan/22 8:03 AM,03/Feb/22 12:00 AM,Medium
MakeIDB,MFG-155111,Ready for Print File Setup,reorder,26/Jan/22 7:19 AM,03/Feb/22 12:00 AM,Medium
MakeBrackets,MFG-155110,Debinding Program Started,reorder,27/Jan/22 8:03 AM,03/Feb/22 12:00 AM,Medium
MakeIDB,MFG-155106,Ready to Print,reorder,27/Jan/22 11:07 AM,03/Feb/22 12:00 AM,Highest
MakeBrackets,MFG-155105,Warming Oven,reorder,26/Jan/22 3:40 PM,03/Feb/22 12:00 AM,Highest
MakeIDB,MFG-155094,Ready for Print File Setup,reorder,26/Jan/22 7:19 AM,03/Feb/22 12:00 AM,Medium
MakeBrackets,MFG-155093,Debinding Program Started,reorder,27/Jan/22 8:03 AM,03/Feb/22 12:00 AM,Medium
MakeIDB,MFG-155074,Ready for Print File Setup,reorder,26/Jan/22 7:19 AM,03/Feb/22 12:00 AM,Medium
MakeBrackets,MFG-155073,Debinding Program Started,reorder,27/Jan/22 8:03 AM,03/Feb/22 12:00 AM,Medium
MakeIDB,MFG-155062,Ready for Print File Setup,mixed_dentition,26/Jan/22 7:20 AM,03/Feb/22 12:00 AM,Medium
MakeBrackets,MFG-155061,Warming Oven,mixed_dentition,26/Jan/22 4:10 PM,03/Feb/22 12:00 AM,Medium
MakeIDB,MFG-155042,Ready for Print File Setup,reorder,26/Jan/22 7:19 AM,03/Feb/22 12:00 AM,Medium
MakeBrackets,MFG-155041,Debinding Program Started,reorder,27/Jan/22 8:03 AM,03/Feb/22 12:00 AM,Medium
MakeIDB,MFG-155030,Ready for Print File Setup,reorder,27/Jan/22 10:55 AM,03/Feb/22 12:00 AM,Medium
MakeBrackets,MFG-155029,Cerafab Print Start,reorder,27/Jan/22 12:35 PM,03/Feb/22 12:00 AM,Medium
MakeIDB,MFG-155017,Ready for Print File Setup,reorder,27/Jan/22 10:54 AM,03/Feb/22 12:00 AM,Medium
MakeBrackets,MFG-155016,Cerafab Print Start,reorder,27/Jan/22 12:35 PM,03/Feb/22 12:00 AM,Medium
MakeIDB,MFG-154996,Ready for Print File Setup,reorder,27/Jan/22 10:55 AM,03/Feb/22 12:00 AM,Medium
MakeBrackets,MFG-154995,Cerafab Print Start,reorder,27/Jan/22 12:36 PM,03/Feb/22 12:00 AM,Medium
MakeIDB,MFG-154983,Ready for Print File Setup,reorder,26/Jan/22 7:20 AM,03/Feb/22 12:00 AM,Medium
MakeBrackets,MFG-154982,Debinding Program Started,reorder,27/Jan/22 8:03 AM,03/Feb/22 12:00 AM,Medium
MakeIDB,MFG-154971,Ready for Print File Setup,reorder,26/Jan/22 7:44 AM,03/Feb/22 12:00 AM,Medium
MakeBrackets,MFG-154970,Debinding Program Started,reorder,27/Jan/22 8:03 AM,03/Feb/22 12:00 AM,Medium
MakeIDB,MFG-154959,Ready for Print File Setup,reorder,27/Jan/22 10:55 AM,03/Feb/22 12:00 AM,Medium
MakeBrackets,MFG-154958,Cerafab Print Start,reorder,27/Jan/22 12:36 PM,03/Feb/22 12:00 AM,Medium
MakeTubes,MFG-154956,Backlog,mixed_dentition,26/Jan/22 11:24 AM,07/Feb/22 12:00 AM,Medium
MakeIDB,MFG-154954,Backlog,mixed_dentition,26/Jan/22 11:24 AM,07/Feb/22 12:00 AM,Medium
MakeBrackets,MFG-154953,Backlog,mixed_dentition,26/Jan/22 11:24 AM,07/Feb/22 12:00 AM,Medium
MakeIDB,MFG-154940,Ready for Print File Setup,reorder,26/Jan/22 7:44 AM,03/Feb/22 12:00 AM,Medium
MakeBrackets,MFG-154939,Debinding Program Started,reorder,27/Jan/22 8:03 AM,03/Feb/22 12:00 AM,Medium
MakeIDB,MFG-154933,Ready for Print File Setup,reorder,25/Jan/22 11:38 AM,03/Feb/22 12:00 AM,Medium
MakeIDB,MFG-154928,Ready for Print File Setup,reorder,27/Jan/22 10:55 AM,03/Feb/22 12:00 AM,Medium
MakeBrackets,MFG-154927,Cerafab Print Start,reorder,27/Jan/22 12:36 PM,03/Feb/22 12:00 AM,Medium
MakeIDB,MFG-154923,Ready for Print File Setup,reorder,26/Jan/22 7:44 AM,03/Feb/22 12:00 AM,Medium
MakeBrackets,MFG-154922,Debinding Program Started,reorder,27/Jan/22 8:03 AM,03/Feb/22 12:00 AM,Medium
MakeIDB,MFG-154918,Ready for Print File Setup,reorder,26/Jan/22 7:44 AM,03/Feb/22 12:00 AM,Medium
MakeBrackets,MFG-154917,Warming Oven,reorder,26/Jan/22 6:18 PM,03/Feb/22 12:00 AM,Medium
MakeIDB,MFG-154906,Ready for Print File Setup,reorder,27/Jan/22 10:55 AM,03/Feb/22 12:00 AM,Medium
MakeBrackets,MFG-154905,Cerafab Print Start,reorder,27/Jan/22 12:36 PM,03/Feb/22 12:00 AM,Medium
MakeIDB,MFG-154894,Ready for Print File Setup,reorder,26/Jan/22 7:45 AM,03/Feb/22 12:00 AM,Medium
MakeBrackets,MFG-154893,Warming Oven,reorder,26/Jan/22 6:19 PM,03/Feb/22 12:00 AM,Medium
MakeIDB,MFG-154882,Ready for Print File Setup,reorder,25/Jan/22 10:45 AM,03/Feb/22 12:00 AM,Medium
MakeBrackets,MFG-154881,Open,reorder,25/Jan/22 10:45 AM,03/Feb/22 12:00 AM,Medium
MakeIDB,MFG-154877,Ready for Print File Setup,reorder,25/Jan/22 10:45 AM,03/Feb/22 12:00 AM,Medium
MakeBrackets,MFG-154876,Open,reorder,25/Jan/22 10:45 AM,03/Feb/22 12:00 AM,Medium
MakeIDB,MFG-154858,Ready for Print File Setup,reorder,26/Jan/22 8:03 AM,03/Feb/22 12:00 AM,Medium
MakeBrackets,MFG-154857,Warming Oven,reorder,26/Jan/22 7:01 PM,03/Feb/22 12:00 AM,Medium
MakeIDB,MFG-154853,Ready for Print File Setup,reorder,26/Jan/22 7:45 AM,03/Feb/22 12:00 AM,Medium
MakeBrackets,MFG-154852,Warming Oven,reorder,26/Jan/22 6:19 PM,03/Feb/22 12:00 AM,Medium
MakeIDB,MFG-154832,Ready for Print File Setup,reorder,26/Jan/22 7:45 AM,03/Feb/22 12:00 AM,Medium
MakeBrackets,MFG-154831,Debinding Program Started,reorder,27/Jan/22 8:03 AM,03/Feb/22 12:00 AM,Medium
MakeIDB,MFG-154811,Ready for Print File Setup,reorder,26/Jan/22 8:04 AM,03/Feb/22 12:00 AM,Medium
MakeBrackets,MFG-154810,Warming Oven,reorder,26/Jan/22 7:01 PM,03/Feb/22 12:00 AM,Medium
MakeIDB,MFG-154798,Ready for Print File Setup,reorder,26/Jan/22 8:04 AM,03/Feb/22 12:00 AM,Medium
MakeBrackets,MFG-154797,Warming Oven,reorder,26/Jan/22 7:01 PM,03/Feb/22 12:00 AM,Medium
MakeIDB,MFG-154793,Ready for Print File Setup,reorder,26/Jan/22 8:04 AM,03/Feb/22 12:00 AM,Medium
MakeBrackets,MFG-154792,Warming Oven,reorder,26/Jan/22 7:01 PM,03/Feb/22 12:00 AM,Medium
MakeIDB,MFG-154781,Ready for Print File Setup,reorder,26/Jan/22 8:04 AM,03/Feb/22 12:00 AM,Medium
MakeBrackets,MFG-154780,Warming Oven,reorder,26/Jan/22 7:02 PM,03/Feb/22 12:00 AM,Medium
MakeIDB,MFG-154776,Ready for Print File Setup,reorder,25/Jan/22 9:39 AM,03/Feb/22 12:00 AM,Medium
MakeBrackets,MFG-154775,Open,reorder,25/Jan/22 9:39 AM,03/Feb/22 12:00 AM,Medium
MakeIDB,MFG-154771,Ready for Print File Setup,reorder,25/Jan/22 9:36 AM,03/Feb/22 12:00 AM,Medium
MakeBrackets,MFG-154770,Open,reorder,25/Jan/22 9:36 AM,03/Feb/22 12:00 AM,Medium
MakeIDB,MFG-154766,Ready for Print File Setup,reorder,26/Jan/22 9:31 AM,03/Feb/22 12:00 AM,Medium
MakeBrackets,MFG-154765,Debinding Program Started,reorder,27/Jan/22 8:03 AM,03/Feb/22 12:00 AM,Medium
MakeIDB,MFG-154761,Ready for Print File Setup,reorder,25/Jan/22 9:33 AM,03/Feb/22 12:00 AM,Medium
MakeBrackets,MFG-154760,Open,reorder,25/Jan/22 9:33 AM,03/Feb/22 12:00 AM,Medium
MakeIDB,MFG-154756,Ready for Print File Setup,reorder,26/Jan/22 9:31 AM,03/Feb/22 12:00 AM,Medium
MakeBrackets,MFG-154755,Debinding Program Started,reorder,27/Jan/22 8:03 AM,03/Feb/22 12:00 AM,Medium
MakeIDB,MFG-154744,Ready for Print File Setup,reorder,25/Jan/22 9:30 AM,03/Feb/22 12:00 AM,Medium
MakeBrackets,MFG-154743,Open,reorder,25/Jan/22 9:30 AM,03/Feb/22 12:00 AM,Medium
MakeIDB,MFG-154739,Ready for Print File Setup,reorder,26/Jan/22 9:31 AM,03/Feb/22 12:00 AM,Medium
MakeBrackets,MFG-154738,Debinding Program Started,reorder,27/Jan/22 8:03 AM,03/Feb/22 12:00 AM,Medium
MakeIDB,MFG-154727,Ready for Print File Setup,reorder,26/Jan/22 11:06 AM,03/Feb/22 12:00 AM,Medium
MakeBrackets,MFG-154726,Warming Oven,reorder,26/Jan/22 4:11 PM,03/Feb/22 12:00 AM,Medium
MakeIDB,MFG-154722,Ready for Print File Setup,reorder,25/Jan/22 9:27 AM,03/Feb/22 12:00 AM,Medium
MakeBrackets,MFG-154721,Open,reorder,25/Jan/22 9:27 AM,03/Feb/22 12:00 AM,Medium
MakeIDB,MFG-154717,Ready for Print File Setup,reorder,26/Jan/22 9:31 AM,03/Feb/22 12:00 AM,Medium
MakeBrackets,MFG-154716,Debinding Program Started,reorder,27/Jan/22 8:03 AM,03/Feb/22 12:00 AM,Medium
MakeIDB,MFG-154698,Ready for Print File Setup,reorder,25/Jan/22 8:56 AM,03/Feb/22 12:00 AM,Medium
MakeBrackets,MFG-154697,Debinding Program Started,reorder,26/Jan/22 5:20 AM,03/Feb/22 12:00 AM,Medium
MakeIDB,MFG-154693,Ready for Print File Setup,reorder,26/Jan/22 9:31 AM,03/Feb/22 12:00 AM,Medium
MakeBrackets,MFG-154692,Debinding Program Started,reorder,27/Jan/22 8:03 AM,03/Feb/22 12:00 AM,Medium
MakeIDB,MFG-154679,Ready for Print File Setup,reorder,25/Jan/22 8:28 AM,03/Feb/22 12:00 AM,Medium
MakeBrackets,MFG-154678,Debinding Program Started,reorder,26/Jan/22 5:20 AM,03/Feb/22 12:00 AM,Medium
MakeIDB,MFG-154674,Ready for Print File Setup,reorder,25/Jan/22 8:28 AM,03/Feb/22 12:00 AM,Medium
MakeBrackets,MFG-154673,Debinding Program Started,reorder,26/Jan/22 5:20 AM,03/Feb/22 12:00 AM,Medium
MakeIDB,MFG-154667,Ready for Print File Setup,reorder,26/Jan/22 11:06 AM,03/Feb/22 12:00 AM,Medium
MakeBrackets,MFG-154666,Debinding Program Started,reorder,27/Jan/22 8:03 AM,03/Feb/22 12:00 AM,Medium
MakeIDB,MFG-154609,Ready for Print File Setup,reorder,27/Jan/22 9:41 AM,03/Feb/22 12:00 AM,Highest
MakeIDB,MFG-154583,Ready for Print File Setup,reorder,27/Jan/22 8:05 AM,03/Feb/22 12:00 AM,Medium
MakeBrackets,MFG-154582,Debinding Program Started,reorder,27/Jan/22 8:05 AM,03/Feb/22 12:00 AM,Medium
MakeTubes,MFG-154573,Debinding Program Started,reorder,27/Jan/22 10:49 AM,03/Feb/22 12:00 AM,Medium
MakeIDB,MFG-154571,Ready for Print File Setup,reorder,27/Jan/22 8:05 AM,03/Feb/22 12:00 AM,Medium
MakeBrackets,MFG-154570,Debinding Program Started,reorder,27/Jan/22 8:05 AM,03/Feb/22 12:00 AM,Medium
MakeIDB,MFG-154545,Ready for Print File Setup,reorder,27/Jan/22 8:05 AM,03/Feb/22 12:00 AM,Medium
MakeBrackets,MFG-154544,Debinding Program Started,reorder,27/Jan/22 8:05 AM,03/Feb/22 12:00 AM,Medium
MakeIDB,MFG-154505,Ready to Print,reorder,26/Jan/22 7:21 AM,02/Feb/22 12:00 AM,Medium
MakeBrackets,MFG-154504,Combi Program Started,reorder,25/Jan/22 12:29 PM,02/Feb/22 12:00 AM,Medium
MakeIDB,MFG-154493,Ready to Print,reorder,26/Jan/22 8:04 AM,02/Feb/22 12:00 AM,Medium
MakeBrackets,MFG-154492,Sintering Program Started,reorder,27/Jan/22 12:57 PM,02/Feb/22 12:00 AM,Medium
MakeIDB,MFG-154488,Ready to Print,reorder,26/Jan/22 8:04 AM,02/Feb/22 12:00 AM,Medium
MakeBrackets,MFG-154487,Debinding Program Started,reorder,26/Jan/22 8:54 AM,02/Feb/22 12:00 AM,Medium
MakeBrackets,MFG-154482,Bracket print file setup,reorder,26/Jan/22 8:43 AM,02/Feb/22 12:00 AM,Highest
MakeBrackets,MFG-154477,Sintering Program Started,reorder,27/Jan/22 12:59 PM,02/Feb/22 12:00 AM,Highest
MakeBrackets,MFG-154451,Debinding Program Started,reorder,27/Jan/22 11:32 AM,02/Feb/22 12:00 AM,Highest
MakeBrackets,MFG-154432,Debinding Program Started,reorder,26/Jan/22 1:43 PM,02/Feb/22 12:00 AM,Medium
MakeBrackets,MFG-154420,Sintering Program Started,reorder,27/Jan/22 1:00 PM,02/Feb/22 12:00 AM,Medium
MakeIDB,MFG-154409,Ready to Print,reorder,26/Jan/22 9:01 AM,02/Feb/22 12:00 AM,Medium
MakeBrackets,MFG-154408,Combi Program Started,reorder,25/Jan/22 12:29 PM,02/Feb/22 12:00 AM,Medium
MakeBrackets,MFG-154403,Combi Program Started,reorder,26/Jan/22 2:55 PM,02/Feb/22 12:00 AM,Highest
MakeBrackets,MFG-154398,Sintering Program Started,reorder,27/Jan/22 12:58 PM,02/Feb/22 12:00 AM,Medium
MakeIDB,MFG-154394,Ready to Print,reorder,27/Jan/22 6:49 AM,02/Feb/22 12:00 AM,Medium
MakeBrackets,MFG-154393,Combi Program Started,reorder,25/Jan/22 12:29 PM,02/Feb/22 12:00 AM,Medium
MakeIDB,MFG-154389,Ready to Print,reorder,27/Jan/22 7:26 AM,02/Feb/22 12:00 AM,Medium
MakeBrackets,MFG-154388,Debinding Program Started,reorder,27/Jan/22 10:49 AM,02/Feb/22 12:00 AM,Medium
MakeIDB,MFG-154370,Ready to Print,reorder,27/Jan/22 7:17 AM,02/Feb/22 12:00 AM,Medium
MakeBrackets,MFG-154369,Debinding Program Started,reorder,27/Jan/22 6:54 AM,02/Feb/22 12:00 AM,Medium
MakeIDB,MFG-154365,Ready to Print,reorder,27/Jan/22 7:25 AM,02/Feb/22 12:00 AM,Medium
MakeBrackets,MFG-154364,Debinding Program Started,reorder,27/Jan/22 10:49 AM,02/Feb/22 12:00 AM,Medium
MakeIDB,MFG-154360,Ready to Print,reorder,27/Jan/22 7:17 AM,02/Feb/22 12:00 AM,Medium
MakeBrackets,MFG-154359,Combi Program Started,reorder,25/Jan/22 12:29 PM,02/Feb/22 12:00 AM,Medium
MakeBrackets,MFG-154340,Debinding Program Started,reorder,26/Jan/22 4:43 PM,02/Feb/22 12:00 AM,Medium
MakeBrackets,MFG-154321,Combi Program Started,reorder,26/Jan/22 12:04 PM,02/Feb/22 12:00 AM,Medium
MakeBrackets,MFG-154316,Combi Program Started,reorder,26/Jan/22 1:26 PM,02/Feb/22 12:00 AM,Medium
MakeBrackets,MFG-154311,Combi Program Started,reorder,26/Jan/22 1:27 PM,02/Feb/22 12:00 AM,Medium
MakeIDB,MFG-154300,Ready to Print,reorder,26/Jan/22 9:35 AM,02/Feb/22 12:00 AM,Medium
MakeBrackets,MFG-154299,Combi Program Started,reorder,25/Jan/22 12:29 PM,02/Feb/22 12:00 AM,Medium
MakeIDB,MFG-154295,Ready to Print,reorder,26/Jan/22 9:35 AM,02/Feb/22 12:00 AM,Medium
MakeBrackets,MFG-154294,Combi Program Started,reorder,26/Jan/22 8:40 AM,02/Feb/22 12:00 AM,Medium
MakeIDB,MFG-154290,Ready to Print,reorder,26/Jan/22 9:44 AM,02/Feb/22 12:00 AM,Medium
MakeBrackets,MFG-154289,Combi Program Started,reorder,25/Jan/22 12:30 PM,02/Feb/22 12:00 AM,Medium
MakeIDB,MFG-154271,Ready to Print,reorder,26/Jan/22 9:44 AM,02/Feb/22 12:00 AM,Medium
MakeBrackets,MFG-154270,Combi Program Started,reorder,25/Jan/22 12:30 PM,02/Feb/22 12:00 AM,Medium
MakeIDB,MFG-154259,Ready to Print,reorder,26/Jan/22 9:52 AM,02/Feb/22 12:00 AM,Medium
MakeBrackets,MFG-154258,Combi Program Started,reorder,25/Jan/22 12:30 PM,02/Feb/22 12:00 AM,Medium
MakeIDB,MFG-154254,Ready to Print,reorder,26/Jan/22 9:52 AM,02/Feb/22 12:00 AM,Medium
MakeBrackets,MFG-154253,Debinding Program Started,reorder,26/Jan/22 8:54 AM,02/Feb/22 12:00 AM,Medium
MakeBrackets,MFG-154240,Combi Program Started,reorder,27/Jan/22 9:03 AM,02/Feb/22 12:00 AM,Medium
MakeBrackets,MFG-154235,Open,reorder,27/Jan/22 9:09 AM,02/Feb/22 12:00 AM,Medium
MakeBrackets,MFG-154216,Debinding Program Started,reorder,27/Jan/22 10:49 AM,02/Feb/22 12:00 AM,Medium
MakeIDB,MFG-154205,Ready to Print,reorder,27/Jan/22 5:52 AM,02/Feb/22 12:00 AM,Medium
MakeBrackets,MFG-154204,Combi Program Started,reorder,25/Jan/22 12:30 PM,02/Feb/22 12:00 AM,Medium
MakeBrackets,MFG-154199,Combi Program Started,reorder,27/Jan/22 5:36 AM,02/Feb/22 12:00 AM,Medium
MakeBrackets,MFG-154194,Debinding Program Started,reorder,27/Jan/22 10:49 AM,02/Feb/22 12:00 AM,Medium
MakeIDB,MFG-154190,Ready to Print,reorder,26/Jan/22 11:11 AM,02/Feb/22 12:00 AM,Medium
MakeBrackets,MFG-154189,Combi Program Started,reorder,25/Jan/22 12:31 PM,02/Feb/22 12:00 AM,Medium
MakeIDB,MFG-154185,Ready to Print,reorder,26/Jan/22 11:11 AM,02/Feb/22 12:00 AM,Medium
MakeBrackets,MFG-154184,Combi Program Started,reorder,25/Jan/22 12:31 PM,02/Feb/22 12:00 AM,Medium
MakeBrackets,MFG-154179,Combi Program Started,reorder,27/Jan/22 6:40 AM,02/Feb/22 12:00 AM,Medium
MakeBrackets,MFG-154167,Combi Program Started,reorder,27/Jan/22 6:43 AM,02/Feb/22 12:00 AM,Medium
MakeBrackets,MFG-154141,Debinding Program Started,reorder,27/Jan/22 10:49 AM,02/Feb/22 12:00 AM,Medium
MakeBrackets,MFG-154129,Bracket Cleaning,reorder,27/Jan/22 12:34 PM,02/Feb/22 12:00 AM,Medium
MakeIDB,MFG-154125,Ready to Print,reorder,26/Jan/22 11:43 AM,02/Feb/22 12:00 AM,Medium
MakeBrackets,MFG-154124,Combi Program Started,reorder,25/Jan/22 12:31 PM,02/Feb/22 12:00 AM,Medium
MakeIDB,MFG-154091,Ready to Print,reorder,26/Jan/22 11:42 AM,02/Feb/22 12:00 AM,Medium
MakeIDB,MFG-154086,Ready to Print,reorder,26/Jan/22 11:45 AM,02/Feb/22 12:00 AM,Medium
MakeBrackets,MFG-154085,Combi Program Started,reorder,25/Jan/22 12:31 PM,02/Feb/22 12:00 AM,Medium
MakeIDB,MFG-154081,Ready to Print,reorder,26/Jan/22 11:45 AM,02/Feb/22 12:00 AM,Medium
MakeBrackets,MFG-154080,Combi Program Started,reorder,25/Jan/22 12:31 PM,02/Feb/22 12:00 AM,Medium
MakeBrackets,MFG-154068,Combi Program Started,reorder,26/Jan/22 4:13 PM,02/Feb/22 12:00 AM,Medium
MakeIDB,MFG-154043,Ready to Print,reorder,26/Jan/22 12:04 PM,02/Feb/22 12:00 AM,Medium
MakeBrackets,MFG-154042,Combi Program Started,reorder,25/Jan/22 12:32 PM,02/Feb/22 12:00 AM,Medium
MakeIDB,MFG-154038,Ready to Print,reorder,26/Jan/22 12:04 PM,02/Feb/22 12:00 AM,Medium
MakeIDB,MFG-154033,Ready to Print,reorder,26/Jan/22 12:26 PM,02/Feb/22 12:00 AM,Medium
MakeBrackets,MFG-154032,Combi Program Started,reorder,25/Jan/22 12:32 PM,02/Feb/22 12:00 AM,Medium
MakeIDB,MFG-154005,Ready to Print,reorder,26/Jan/22 12:25 PM,02/Feb/22 12:00 AM,Medium
MakeBrackets,MFG-154004,Warming Oven,reorder,25/Jan/22 12:11 PM,02/Feb/22 12:00 AM,Medium
MakeBrackets,MFG-153999,Debinding Program Started,reorder,27/Jan/22 10:39 AM,02/Feb/22 12:00 AM,Medium
MakeIDB,MFG-153995,Ready to Print,reorder,27/Jan/22 12:59 PM,02/Feb/22 12:00 AM,Medium
MakeBrackets,MFG-153994,Sintering Program Started,reorder,27/Jan/22 12:59 PM,02/Feb/22 12:00 AM,Medium
MakeIDB,MFG-153974,Ready to Print,reorder,26/Jan/22 12:53 PM,02/Feb/22 12:00 AM,Medium
MakeBrackets,MFG-153973,Combi Program Started,reorder,25/Jan/22 12:32 PM,02/Feb/22 12:00 AM,Medium
MakeIDB,MFG-153969,Ready to Print,reorder,26/Jan/22 12:56 PM,02/Feb/22 12:00 AM,Medium
MakeBrackets,MFG-153968,Combi Program Started,reorder,25/Jan/22 12:32 PM,02/Feb/22 12:00 AM,Medium
MakeIDB,MFG-153964,Ready to Print,reorder,26/Jan/22 12:56 PM,02/Feb/22 12:00 AM,Medium
MakeBrackets,MFG-153963,Combi Program Started,reorder,25/Jan/22 12:32 PM,02/Feb/22 12:00 AM,Medium
MakeBrackets,MFG-153944,Bracket Cleaning,reorder,27/Jan/22 12:34 PM,02/Feb/22 12:00 AM,Medium
MakeBrackets,MFG-153933,Combi Program Started,reorder,27/Jan/22 6:39 AM,02/Feb/22 12:00 AM,Medium
MakeIDB,MFG-153929,IDB Drying,reorder,27/Jan/22 12:39 PM,02/Feb/22 12:00 AM,Medium
MakeIDB,MFG-153880,IDB Curing,reorder,27/Jan/22 1:00 PM,02/Feb/22 12:00 AM,Medium
MakeBrackets,MFG-153879,Debinding Program Started,reorder,27/Jan/22 11:37 AM,02/Feb/22 12:00 AM,Medium
MakeTubes,MFG-153867,Debinding Program Started,reorder,27/Jan/22 10:49 AM,02/Feb/22 12:00 AM,Medium
MakeBrackets,MFG-153864,Cerafab Print Start,reorder,27/Jan/22 12:35 PM,02/Feb/22 12:00 AM,Medium
MakeIDB,MFG-153852,Ready to Print,reorder,26/Jan/22 3:18 PM,02/Feb/22 12:00 AM,Medium
MakeBrackets,MFG-153851,Combi Program Started,reorder,25/Jan/22 12:32 PM,02/Feb/22 12:00 AM,Medium
MakeIDB,MFG-153835,Ready to Print,reorder,26/Jan/22 3:18 PM,02/Feb/22 12:00 AM,Medium
MakeBrackets,MFG-153834,Combi Program Started,reorder,25/Jan/22 12:32 PM,02/Feb/22 12:00 AM,Medium
MakeIDB,MFG-153802,Ready to Print,reorder,26/Jan/22 3:26 PM,02/Feb/22 12:00 AM,Medium
MakeBrackets,MFG-153801,Combi Program Started,reorder,25/Jan/22 12:32 PM,02/Feb/22 12:00 AM,Medium
MakeIDB,MFG-153797,Ready to Print,mixed_dentition,27/Jan/22 10:34 AM,02/Feb/22 12:00 AM,Medium
MakeBrackets,MFG-153796,Bracket Cleaning,mixed_dentition,27/Jan/22 12:34 PM,02/Feb/22 12:00 AM,Medium
MakeIDB,MFG-153778,Ready to Print,reorder,27/Jan/22 7:51 AM,02/Feb/22 12:00 AM,Medium
MakeBrackets,MFG-153777,Sintering Program Started,reorder,27/Jan/22 12:57 PM,02/Feb/22 12:00 AM,Medium
MakeBrackets,MFG-153772,Sintering Program Started,reorder,27/Jan/22 12:56 PM,02/Feb/22 12:00 AM,Highest
MakeIDB,MFG-153761,Ready to Print,reorder,27/Jan/22 7:52 AM,02/Feb/22 12:00 AM,Medium
MakeBrackets,MFG-153760,Debinding Program Started,reorder,27/Jan/22 7:45 AM,02/Feb/22 12:00 AM,Medium
MakeBrackets,MFG-153755,Debinding Program Started,reorder,25/Jan/22 7:54 AM,02/Feb/22 12:00 AM,Medium
MakeBrackets,MFG-153750,Sintering Program Started,reorder,27/Jan/22 1:01 PM,02/Feb/22 12:00 AM,Highest
MakeIDB,MFG-153739,Ready to Print,reorder,27/Jan/22 7:54 AM,02/Feb/22 12:00 AM,Medium
MakeBrackets,MFG-153738,Sintering Program Started,reorder,27/Jan/22 12:57 PM,02/Feb/22 12:00 AM,Medium
MakeIDB,MFG-153727,Ready to Print,reorder,27/Jan/22 12:59 PM,02/Feb/22 12:00 AM,Highest
MakeBrackets,MFG-153726,Sintering Program Started,reorder,27/Jan/22 12:59 PM,02/Feb/22 12:00 AM,Highest
MakeIDB,MFG-153722,IDB Curing,reorder,27/Jan/22 12:38 PM,02/Feb/22 12:00 AM,Medium
MakeBrackets,MFG-153721,Debinding Program Started,reorder,27/Jan/22 7:54 AM,02/Feb/22 12:00 AM,Medium
MakeBrackets,MFG-153716,Sintering Program Started,reorder,27/Jan/22 1:00 PM,02/Feb/22 12:00 AM,Highest
MakeBrackets,MFG-153690,Sintering Program Started,reorder,27/Jan/22 12:59 PM,02/Feb/22 12:00 AM,Highest
MakeBrackets,MFG-153641,Debinding Program Started,reorder,27/Jan/22 12:56 PM,02/Feb/22 12:00 AM,Medium
MakeBrackets,MFG-153624,Debinding Program Started,reorder,27/Jan/22 8:05 AM,02/Feb/22 12:00 AM,Medium
MakeBrackets,MFG-153612,Sintering Program Started,reorder,27/Jan/22 12:57 PM,02/Feb/22 12:00 AM,Medium
MakeBrackets,MFG-153596,Sintering Program Started,reorder,27/Jan/22 12:57 PM,02/Feb/22 12:00 AM,Medium
MakeBrackets,MFG-153589,Debinding Program Started,reorder,25/Jan/22 3:03 PM,02/Feb/22 12:00 AM,Medium
MakeIDB,MFG-153584,Ready to Print,reorder,27/Jan/22 8:19 AM,02/Feb/22 12:00 AM,Medium
MakeBrackets,MFG-153583,Debinding Program Started,reorder,27/Jan/22 8:17 AM,02/Feb/22 12:00 AM,Medium
MakeBrackets,MFG-153558,Sintering Program Started,reorder,27/Jan/22 12:57 PM,02/Feb/22 12:00 AM,Medium
MakeBrackets,MFG-153553,Sintering Program Started,reorder,27/Jan/22 12:57 PM,02/Feb/22 12:00 AM,Medium
MakeBrackets,MFG-153506,HIP Program Started,reorder,27/Jan/22 11:22 AM,01/Feb/22 12:00 AM,Medium
MakeIDB,MFG-153502,Ready to Print,reorder,26/Jan/22 7:26 AM,01/Feb/22 12:00 AM,Medium
MakeBrackets,MFG-153501,Ready for Tx to Crucible,reorder,27/Jan/22 11:36 AM,01/Feb/22 12:00 AM,Medium
MakeIDB,MFG-153455,Ready to Print,reorder,26/Jan/22 7:26 AM,01/Feb/22 12:00 AM,Medium
MakeBrackets,MFG-153454,HIP Program Started,reorder,27/Jan/22 11:22 AM,01/Feb/22 12:00 AM,Medium
MakeIDB,MFG-153429,Ready to Print,reorder,26/Jan/22 6:38 AM,01/Feb/22 12:00 AM,Medium
MakeIDB,MFG-153328,Ready to Print,reorder,27/Jan/22 12:28 PM,01/Feb/22 12:00 AM,Medium
MakeBrackets,MFG-153253,HIP Program Started,reorder,27/Jan/22 11:22 AM,01/Feb/22 12:00 AM,Medium
MakeIDB,MFG-153235,Ready to Print,reorder,27/Jan/22 6:49 AM,01/Feb/22 12:00 AM,Medium
MakeBrackets,MFG-153145,HIP Program Started,reorder,27/Jan/22 11:22 AM,01/Feb/22 12:00 AM,Medium
MakeBrackets,MFG-153105,Debinding Program Started,reorder,25/Jan/22 6:58 AM,01/Feb/22 12:00 AM,Medium
MakeIDB,MFG-153046,Ready to Print,reorder,25/Jan/22 8:48 PM,01/Feb/22 12:00 AM,Medium
MakeIDB,MFG-153041,Ready to Print,reorder,25/Jan/22 8:39 PM,01/Feb/22 12:00 AM,Medium
MakeTubes,MFG-153024,Debinding Program Started,reorder,24/Jan/22 7:47 PM,01/Feb/22 12:00 AM,Medium
MakeBrackets,MFG-152995,Debinding Program Started,reorder,24/Jan/22 7:47 PM,01/Feb/22 12:00 AM,Medium
MakeIDB,MFG-152984,Ready to Print,reorder,26/Jan/22 8:14 AM,01/Feb/22 12:00 AM,Medium
MakeBrackets,MFG-152966,HIP Program Started,reorder,27/Jan/22 11:22 AM,01/Feb/22 12:00 AM,Medium
MakeIDB,MFG-152922,Ready to Print,reorder,25/Jan/22 8:41 PM,01/Feb/22 12:00 AM,Medium
MakeIDB,MFG-152917,Ready to Print,reorder,25/Jan/22 8:45 PM,01/Feb/22 12:00 AM,Medium
MakeBrackets,MFG-152911,Debinding Program Started,reorder,24/Jan/22 7:47 PM,01/Feb/22 12:00 AM,Medium
MakeBrackets,MFG-152892,Debinding Program Started,reorder,24/Jan/22 7:47 PM,01/Feb/22 12:00 AM,Medium
MakeIDB,MFG-152835,Ready to Print,reorder,24/Jan/22 2:35 PM,01/Feb/22 12:00 AM,Medium
MakeBrackets,MFG-152834,Debinding Program Started,reorder,24/Jan/22 7:47 PM,01/Feb/22 12:00 AM,Medium
MakeIDB,MFG-152816,Ready to Print,reorder,26/Jan/22 7:22 AM,01/Feb/22 12:00 AM,Medium
MakeIDB,MFG-152797,Ready to Print,reorder,26/Jan/22 8:32 AM,01/Feb/22 12:00 AM,Medium
MakeBrackets,MFG-152726,In Sorting,reorder,27/Jan/22 12:57 PM,31/Jan/22 12:00 AM,Medium
MakeIDB,MFG-152684,Vida Print Start,reorder,27/Jan/22 12:42 PM,31/Jan/22 12:00 AM,Medium
MakeIDB,MFG-152667,Ready to Print,reorder,26/Jan/22 6:16 AM,31/Jan/22 12:00 AM,Medium
MakeBrackets,MFG-152647,Warming Oven,reorder,27/Jan/22 10:43 AM,31/Jan/22 12:00 AM,Medium
MakeIDB,MFG-152643,Ready for Print File Setup,staged_treatment,27/Jan/22 10:53 AM,09/Feb/22 12:00 AM,Medium
MakeBrackets,MFG-152642,Brackets in Printer Queue,staged_treatment,27/Jan/22 10:53 AM,09/Feb/22 12:00 AM,Medium
MakeIDB,MFG-152636,Vida Print Start,reorder,27/Jan/22 12:42 PM,31/Jan/22 12:00 AM,Medium
MakeIDB,MFG-152618,Backlog,staged_treatment,20/Jan/22 4:45 PM,24/Feb/22 12:00 AM,Medium
MakeBrackets,MFG-152617,Backlog,staged_treatment,20/Jan/22 4:45 PM,24/Feb/22 12:00 AM,Medium
MakeIDB,MFG-152602,Ready to Print,mixed_dentition,26/Jan/22 6:16 AM,31/Jan/22 12:00 AM,Medium
MakeBrackets,MFG-152601,Debinding Program Started,mixed_dentition,25/Jan/22 7:13 PM,31/Jan/22 12:00 AM,Medium
MakeIDB,MFG-152559,Ready to Print,reorder,27/Jan/22 6:33 AM,31/Jan/22 12:00 AM,Medium
MakeBrackets,MFG-152524,Debinding Program Started,reorder,26/Jan/22 7:14 AM,31/Jan/22 12:00 AM,Medium
MakeIDB,MFG-152503,Backlog,staged_treatment,27/Jan/22 8:40 AM,24/Feb/22 12:00 AM,Medium
MakeBrackets,MFG-152502,Backlog,staged_treatment,27/Jan/22 8:40 AM,24/Feb/22 12:00 AM,Medium
MakeBrackets,MFG-152431,Debinding Program Started,reorder,25/Jan/22 5:55 PM,31/Jan/22 12:00 AM,Medium
MakeIDB,MFG-152394,Ready to Print,reorder,27/Jan/22 12:40 PM,31/Jan/22 12:00 AM,Medium
MakeIDB,MFG-152389,Ready to Print,reorder,27/Jan/22 6:37 AM,31/Jan/22 12:00 AM,Medium
MakeIDB,MFG-152355,Open,staged_treatment,27/Jan/22 11:12 AM,10/Feb/22 12:00 AM,Medium
MakeBrackets,MFG-152354,Open,staged_treatment,27/Jan/22 11:12 AM,10/Feb/22 12:00 AM,Medium
MakeIDB,MFG-152280,Ready to Print,reorder,27/Jan/22 6:33 AM,31/Jan/22 12:00 AM,Medium
MakeIDB,MFG-152212,Ready to Print,reorder,27/Jan/22 6:37 AM,31/Jan/22 12:00 AM,Medium
MakeIDB,MFG-152174,Ready to Print,reorder,25/Jan/22 4:28 PM,31/Jan/22 12:00 AM,Medium
MakeBrackets,MFG-152173,Debinding Program Started,reorder,24/Jan/22 7:47 PM,31/Jan/22 12:00 AM,Medium
MakeIDB,MFG-152164,Ready to Print,reorder,25/Jan/22 8:40 PM,31/Jan/22 12:00 AM,Medium
MakeIDB,MFG-152159,Ready to Print,reorder,25/Jan/22 12:39 AM,31/Jan/22 12:00 AM,Medium
MakeIDB,MFG-152154,Ready to Print,reorder,25/Jan/22 4:27 PM,31/Jan/22 12:00 AM,Medium
MakeBrackets,MFG-152153,Debinding Program Started,reorder,24/Jan/22 7:47 PM,31/Jan/22 12:00 AM,Medium
MakeIDB,MFG-152127,Ready to Print,reorder,25/Jan/22 5:32 PM,31/Jan/22 12:00 AM,Medium
MakeBrackets,MFG-152126,Debinding Program Started,reorder,24/Jan/22 7:47 PM,31/Jan/22 12:00 AM,Medium
MakeIDB,MFG-152115,Ready to Print,reorder,25/Jan/22 12:35 AM,31/Jan/22 12:00 AM,Medium
MakeBrackets,MFG-152104,Debinding Program Started,reorder,26/Jan/22 9:53 AM,31/Jan/22 12:00 AM,Medium
MakeIDB,MFG-152081,Ready to Print,reorder,26/Jan/22 8:05 AM,31/Jan/22 12:00 AM,Medium
MakeIDB,MFG-152076,Ready to Print,reorder,27/Jan/22 12:18 PM,31/Jan/22 12:00 AM,Medium
MakeIDB,MFG-152057,Ready to Print,reorder,25/Jan/22 8:46 PM,31/Jan/22 12:00 AM,Medium
MakeTubes,MFG-152042,Debinding Program Started,reorder,24/Jan/22 7:47 PM,31/Jan/22 12:00 AM,Medium
MakeIDB,MFG-152040,Ready to Print,reorder,21/Jan/22 9:02 PM,31/Jan/22 12:00 AM,Medium
MakeIDB,MFG-152020,Ready to Print,reorder,25/Jan/22 8:34 PM,31/Jan/22 12:00 AM,Medium
MakeIDB,MFG-151993,Ready to Print,reorder,25/Jan/22 8:36 PM,31/Jan/22 12:00 AM,Medium
MakeIDB,MFG-151950,Print Next,reorder,26/Jan/22 6:15 PM,31/Jan/22 12:00 AM,Medium
MakeIDB,MFG-151938,Ready to Print,reorder,25/Jan/22 7:59 PM,31/Jan/22 12:00 AM,Medium
MakeBrackets,MFG-151937,Debinding Program Started,reorder,27/Jan/22 10:49 AM,31/Jan/22 12:00 AM,Medium
MakeIDB,MFG-151926,Print Next,reorder,26/Jan/22 6:15 PM,31/Jan/22 12:00 AM,Medium
MakeTubes,MFG-151878,Debinding Program Started,reorder,27/Jan/22 10:49 AM,31/Jan/22 12:00 AM,Medium
MakeIDB,MFG-151876,Ready to Print,reorder,25/Jan/22 7:56 AM,31/Jan/22 12:00 AM,Medium
MakeIDB,MFG-151857,Ready to Print,reorder,25/Jan/22 12:38 AM,31/Jan/22 12:00 AM,Medium
MakeIDB,MFG-151831,Ready to Print,reorder,25/Jan/22 7:59 PM,31/Jan/22 12:00 AM,Medium
MakeBrackets,MFG-151830,Debinding Program Started,reorder,27/Jan/22 10:49 AM,31/Jan/22 12:00 AM,Medium
MakeIDB,MFG-151798,Print Next,reorder,26/Jan/22 6:14 PM,28/Jan/22 12:00 AM,Medium
MakeIDB,MFG-151613,Ready to Print,reorder,27/Jan/22 5:56 AM,28/Jan/22 12:00 AM,Medium
MakeBrackets,MFG-151514,Open,reorder,26/Jan/22 5:56 PM,28/Jan/22 12:00 AM,Medium
MakeIDB,MFG-151435,Ready to Print,reorder,27/Jan/22 5:56 AM,28/Jan/22 12:00 AM,Medium
MakeBrackets,MFG-151371,Debinding Program Started,reorder,25/Jan/22 7:54 AM,28/Jan/22 12:00 AM,Medium
MakeIDB,MFG-151153,Ready to Print,reorder,26/Jan/22 12:40 PM,28/Jan/22 12:00 AM,Medium
MakeIDB,MFG-151143,Ready to Print,reorder,27/Jan/22 12:19 PM,28/Jan/22 12:00 AM,Medium
MakeIDB,MFG-151112,Ready to Print,reorder,26/Jan/22 12:41 PM,28/Jan/22 12:00 AM,Medium
MakeIDB,MFG-151100,Ready to Print,reorder,27/Jan/22 5:59 AM,28/Jan/22 12:00 AM,Medium
MakeBrackets,MFG-150949,Ready for Sorting,reorder,27/Jan/22 11:29 AM,28/Jan/22 12:00 AM,Medium
MakeBrackets,MFG-150915,In Sorting,reorder,27/Jan/22 1:00 PM,28/Jan/22 12:00 AM,Medium
MakeIDB,MFG-150894,Ready to Print,reorder,25/Jan/22 5:31 PM,28/Jan/22 12:00 AM,Medium
MakeBrackets,MFG-150888,Warming Oven,reorder,25/Jan/22 7:22 PM,28/Jan/22 12:00 AM,Medium
MakeIDB,MFG-150345,Ready to Print,reorder,27/Jan/22 5:47 AM,27/Jan/22 12:00 AM,Medium
MakeBrackets,MFG-150244,Debinding Program Started,reorder,24/Jan/22 7:47 PM,27/Jan/22 12:00 AM,Medium
MakeIDB,MFG-150095,IDB Cleaning,reorder,27/Jan/22 12:51 PM,27/Jan/22 12:00 AM,Medium
MakeIDB,MFG-150083,IDB Cleaning,reorder,27/Jan/22 12:50 PM,27/Jan/22 12:00 AM,Medium
MakeBrackets,MFG-150082,In Sorting,reorder,25/Jan/22 1:44 PM,27/Jan/22 12:00 AM,Medium
MakeBrackets,MFG-149899,Debinding Program Started,reorder,27/Jan/22 8:03 AM,27/Jan/22 12:00 AM,Medium
MakeIDB,MFG-149797,Print Next,reorder,26/Jan/22 6:13 PM,27/Jan/22 12:00 AM,Medium
MakeIDB,MFG-149135,Ready to Print,reorder,27/Jan/22 5:44 AM,26/Jan/22 12:00 AM,Medium
MakeIDB,MFG-149130,Ready for Print File Setup,staged_treatment,27/Jan/22 10:55 AM,08/Feb/22 12:00 AM,Medium
MakeBrackets,MFG-149129,Debinding Program Started,staged_treatment,27/Jan/22 10:55 AM,08/Feb/22 12:00 AM,Medium
MakeIDB,MFG-149116,Ready to Print,reorder,27/Jan/22 5:47 AM,26/Jan/22 12:00 AM,Medium
MakeBrackets,MFG-149013,HIP Program Started,reorder,27/Jan/22 11:22 AM,26/Jan/22 12:00 AM,Medium
MakeBrackets,MFG-148925,Combi Program Started,reorder,25/Jan/22 12:28 PM,26/Jan/22 12:00 AM,Medium
MakeBrackets,MFG-148609,Warming Oven,reorder,27/Jan/22 9:03 AM,25/Jan/22 12:00 AM,Highest
MakeBrackets,MFG-148604,Debinding Program Started,reorder,24/Jan/22 7:47 PM,25/Jan/22 12:00 AM,Medium
MakeBrackets,MFG-148539,Ready for Tx to Crucible,reorder,27/Jan/22 6:09 AM,25/Jan/22 12:00 AM,Highest
MakeIDB,MFG-148274,Ready to Print,reorder,27/Jan/22 5:43 AM,25/Jan/22 12:00 AM,Medium
MakeBrackets,MFG-148192,Backlog,reorder,19/Jan/22 9:29 AM,25/Jan/22 12:00 AM,Medium
MakeBrackets,MFG-147791,Debinding Program Started,reorder,26/Jan/22 8:54 AM,24/Jan/22 12:00 AM,Medium
MakeBrackets,MFG-147618,HIP Program Started,reorder,27/Jan/22 11:22 AM,24/Jan/22 12:00 AM,Highest
MakeBrackets,MFG-147353,HIP Program Started,reorder,27/Jan/22 11:22 AM,24/Jan/22 12:00 AM,Medium
MakeIDB,MFG-147222,Backlog,mixed_dentition,24/Jan/22 12:15 PM,22/Feb/22 12:00 AM,Medium
MakeBrackets,MFG-147221,Backlog,mixed_dentition,24/Jan/22 12:15 PM,22/Feb/22 12:00 AM,Medium
MakeTubes,MFG-146582,Backlog,mixed_dentition,18/Jan/22 4:30 PM,16/Feb/22 12:00 AM,Medium
MakeIDB,MFG-146580,Backlog,mixed_dentition,18/Jan/22 4:30 PM,16/Feb/22 12:00 AM,Medium
MakeBrackets,MFG-146579,Backlog,mixed_dentition,18/Jan/22 4:30 PM,16/Feb/22 12:00 AM,Medium
MakeBrackets,MFG-146534,Debinding Program Started,reorder,27/Jan/22 10:49 AM,21/Jan/22 12:00 AM,Medium
MakeBrackets,MFG-145895,Debinding Program Started,reorder,27/Jan/22 8:03 AM,20/Jan/22 12:00 AM,Medium
MakeBrackets,MFG-144984,Sintering Program Started,reorder,27/Jan/22 12:56 PM,19/Jan/22 12:00 AM,Medium
MakeTubes,MFG-130486,Backlog,BETA_Case,15/Dec/21 2:41 PM,14/Jan/22 12:00 AM,Medium
MakeIDB,MFG-130484,Backlog,BETA_Case,15/Dec/21 2:41 PM,14/Jan/22 12:00 AM,Medium
MakeBrackets,MFG-130483,Backlog,BETA_Case,15/Dec/21 2:41 PM,14/Jan/22 12:00 AM,Medium
MakeTubes,MFG-128733,Backlog,BETA_Case,14/Jan/22 9:10 AM,12/Jan/22 12:00 AM,Medium
MakeIDB,MFG-128731,Backlog,BETA_Case,14/Jan/22 9:10 AM,12/Jan/22 12:00 AM,Medium
MakeBrackets,MFG-128730,Backlog,BETA_Case,14/Jan/22 9:10 AM,12/Jan/22 12:00 AM,Medium
MakeIDB,MFG-120308,Backlog,Bracket_Hook_Beta,30/Nov/21 12:57 PM,27/Dec/21 12:00 AM,Medium
MakeBrackets,MFG-120307,Backlog,Bracket_Hook_Beta,30/Nov/21 12:57 PM,27/Dec/21 12:00 AM,Medium
MakeTubes,MFG-120296,Backlog,BETA_Case,03/Dec/21 11:58 AM,27/Dec/21 12:00 AM,Medium
MakeIDB,MFG-120294,Backlog,BETA_Case,03/Dec/21 11:58 AM,27/Dec/21 12:00 AM,Medium
MakeBrackets,MFG-120293,Backlog,BETA_Case,03/Dec/21 11:58 AM,27/Dec/21 12:00 AM,Medium
MakeTubes,MFG-119545,Backlog,BETA_Case,14/Dec/21 11:13 AM,24/Dec/21 12:00 AM,Medium
MakeIDB,MFG-119543,Backlog,BETA_Case,14/Dec/21 11:13 AM,24/Dec/21 12:00 AM,Medium
MakeBrackets,MFG-119542,Backlog,BETA_Case,14/Dec/21 11:13 AM,24/Dec/21 12:00 AM,Medium
MakeTubes,MFG-112946,Backlog,BETA_Case,03/Dec/21 12:01 PM,13/Dec/21 12:00 AM,Medium
MakeIDB,MFG-112944,Backlog,BETA_Case,03/Dec/21 12:01 PM,13/Dec/21 12:00 AM,Medium
MakeBrackets,MFG-112943,Backlog,BETA_Case,03/Dec/21 12:01 PM,13/Dec/21 12:00 AM,Medium
MakeTubes,MFG-111959,Backlog,BETA_Case,03/Dec/21 12:01 PM,10/Dec/21 12:00 AM,Medium
MakeIDB,MFG-111957,Backlog,BETA_Case,03/Dec/21 12:01 PM,10/Dec/21 12:00 AM,Medium
MakeBrackets,MFG-111956,Backlog,BETA_Case,03/Dec/21 12:01 PM,10/Dec/21 12:00 AM,Medium
MakeBrackets,MFG-101456,Bracket print file setup,reorder,25/Jan/22 2:04 PM,25/Oct/21 12:00 AM,Medium
MakeTubes,MFG-74179,Backlog,ALPHA_Case,26/Jan/22 4:10 PM,17/Sep/21 12:00 AM,Medium
MakeIDB,MFG-72515,Backlog,ALPHA_Case,26/Jan/22 4:10 PM,17/Sep/21 12:00 AM,Medium
MakeBrackets,MFG-72514,Backlog,ALPHA_Case,26/Jan/22 4:10 PM,17/Sep/21 12:00 AM,Medium
MakeBrackets,MFG-1034,Backlog,cerafab_test_print,25/Sep/20 3:49 PM,01/Nov/19 12:00 AM,Medium
MakeBrackets,MFG-983,Backlog,cerafab_test_print,25/Sep/20 3:49 PM,16/Oct/19 12:00 AM,Medium
MakeIDB,MFG-449,Backlog,cerafab_test_print,25/Sep/20 3:49 PM,25/Jul/19 12:00 AM,Medium
MakeIDB,MFG-308,Backlog,cerafab_test_print,25/Sep/20 3:49 PM,15/Jul/19 12:00 AM,Medium
MakeIDB,MFG-290,Backlog,cerafab_test_print,25/Sep/20 3:49 PM,05/Jul/19 12:00 AM,Medium